name,field_strength,entry_ID,sequence,T1_experiment,T1_expt_index,T2_experiment,T2_expt_index,NOE_experiment,NOE_expt_index,curated
HNGAL Human Neutrophil Gelatinase-Associated Lipocalin,600,4267,MQDSTSDLIPAPPLSKVPLQQNFQDNQFQGKWYVVGLAGNAILREDKDPQKMYATIYELKEDKSYNVTSVLFRKKKCDYWIRTFVPGCQPGEFTLGNIKSYPGLTSYLVRVVSTNYNQHAMVFFKKVSQNREYFKITLYGRTKELTSELKENFIRFSKSLGLPENHIVFPVPIDQCIDG,T1_relaxation_600,1,T2_relaxation_600,1,heteronuclear_NOE_600,5,1
HNGAL Human Neutrophil Gelatinase-Associated Lipocalin,750,4267,MQDSTSDLIPAPPLSKVPLQQNFQDNQFQGKWYVVGLAGNAILREDKDPQKMYATIYELKEDKSYNVTSVLFRKKKCDYWIRTFVPGCQPGEFTLGNIKSYPGLTSYLVRVVSTNYNQHAMVFFKKVSQNREYFKITLYGRTKELTSELKENFIRFSKSLGLPENHIVFPVPIDQCIDG,T1_relaxation_750,0,T2_relaxation_750,0,heteronuclear_NOE_750_other,2,1
Human Growth Hormone,500,4689,FPTIPLSRLFDNAMLRAHRLHQLAFDTYQEFEEAYIPKEQKYSFLQNPQTSLCFSESIPTPSNREETQQKSNLELLRISLLLIQSWLEPVQFLRSVFANSLVYGASDSNVYDLLKDLEEGIQTLMGRLEDGSPRTGQIFKQTYSKFDTNSHNDDALLKNYGLLYCFRKDMDKVETFLRIVQCRSVEGSCGF,T1_one,0,T2_one,0,Heteronuclear_NOE_one,0,1
immunoglobulin-binding domain,500,5569,MTYKLILNGKTLKGETTTEAVDAATAEKVFKQYANDNGVDGEWTYDDATKTFTVTE,T1_relaxation_500_5,4,T2_relaxation_500_5,4,heteronuclear_NOE_500_5,4,1
immunoglobulin-binding domain,600,5569,MTYKLILNGKTLKGETTTEAVDAATAEKVFKQYANDNGVDGEWTYDDATKTFTVTE,T1_relaxation_600_5,14,T2_relaxation_600_5,14,heteronuclear_NOE_600_5,14,1
immunoglobulin-binding domain,800,5569,MTYKLILNGKTLKGETTTEAVDAATAEKVFKQYANDNGVDGEWTYDDATKTFTVTE,T1_relaxation_800_5,24,T2_relaxation_800_5,24,heteronuclear_NOE_800_5,24,1
Major Urinary Protein-I,600,5995,EEASSTGRNFNVEKINGEWHTIILASDKREKIEDNGNFRLFLEQIHVLENSLVLKFHTVRDEECSELSMVADKTEKAGEYSVTYDGFNTFTIPKTDYDNFLMAHLINEKDGETFQLMGLYGREPDLSSDIKERFAQLCEKHGILRENIIDLSNANRCLQARE,298_600_free_t1,2,298_600_free_t2,2,298_600_free_noe,2,1
Ubiquitin,600,6470,MQIFVKTLTGKTITLEVEPSDTIENVKAKIQDKEGIPPDQQRLIFAGKQLEDGRTLSDYNIQKESTLHLVLRLRGG,15N_T1_set_1,0,15N_T2_set_1,0,heteronuclear_NOE_set_1,0,1
DmsD,500,18257,MGSHHHHHHSSGLVPRGSHMTHFSQQDNFSVAARVLGALFYYAPESAEAAPLVAVLTSDGWETQWPLPEASLAPLVTAFQTQCEETHAQAWQRLFVGPWALPSPPWGSVWLDRESVLFGDSTLALRQWMREKGIQFEMKQNEPEDHFGSLLLMAAWLAENGRQTECEELLAWHLFPWSTRFLDVFIEKAEHPFYRALGELARLTLAQWQSQLLIPVAVKPLFR,heteronuclear_T1_list_1,0,heteronuclear_T2_list_1,0,heteronuclear_noe_list_1,0,1
CsPinA,600,18864,GPMGSMADKIKCSHILVKKQGEALAVQERLKAGEKFGKLAKELSIDGGSAKRDGSLGYFGRGKMVKPFEDAAFRLQVGEVSEPVKSEFGYHVIKRLG,heteronuclear_T1_list_3,2,heteronuclear_T2_list_3,2,heteronuclear_noe_list_3,2,1
CsPinA,700,18864,GPMGSMADKIKCSHILVKKQGEALAVQERLKAGEKFGKLAKELSIDGGSAKRDGSLGYFGRGKMVKPFEDAAFRLQVGEVSEPVKSEFGYHVIKRLG,heteronuclear_T1_list_4,3,heteronuclear_T2_list_4,3,heteronuclear_noe_list_5,4,1
Domain_11,600,19117,MKSNEHDDCQVTNPSTGHLFDLSSLSGRAGFTAAYAKGWGVYMSICGENENCPPGVGACFGQTRISVGKANKRLRYVDQVLQLVYKDGSPCPSKSGLSYKSVISFVCRPEAGPTNRPMLISLDKQTCTLFFSWHTPLACELA,heteronuclear_T1_list_1,0,heteronuclear_T2_list_1,0,heteronuclear_noe_list_1,0,1
Domain_11,900,19117,MKSNEHDDCQVTNPSTGHLFDLSSLSGRAGFTAAYAKGWGVYMSICGENENCPPGVGACFGQTRISVGKANKRLRYVDQVLQLVYKDGSPCPSKSGLSYKSVISFVCRPEAGPTNRPMLISLDKQTCTLFFSWHTPLACELA,heteronuclear_T1_list_2,1,heteronuclear_T2_list_2,1,heteronuclear_noe_list_2,1,1
RBD,600,26506,KKDVEYRPLTLNALLAVGPGAGEAQGVPVKVLDCDTISQAKEKMLDQLYKGVPLTQRPDPRTLDVEWRSGVAGHLILSDEDVTSEVQGLFRRLNTLQHYKVPDGATVALVPCLTKHVLRENK,heteronuclear_T1_list_1,0,heteronuclear_T2_list_1,0,heteronuclear_noe_list_1,0,1
A39G_FF,500,26520,ESQPAKKTYTWNTKEEAKQAFKELLKEKRVPSNASWEQAMKMIINDPRYSALAKLSEKKQAFNAYKVQTEK,heteronuclear_T1_list_1,0,heteronuclear_T2_list_Ground,0,NaN,-1,1
AdcR_chain,600,27448,MRQLAKDINAFLNEVILQAENQHEILIGHCTSEVALTNTQEHILMLLSEESLTNSELARRLNVSQAAVTKAIKSLVKEGMLETSKDSKDARVIFYQLTDLARPIAEEHHHHHEHTLLTYEQVATQFTPNEQKVIQRFLTALVGEIK,NaN,-1,heteronuclear_T2_list_600,0,NaN,-1,1
AdcR_chain,800,27448,MRQLAKDINAFLNEVILQAENQHEILIGHCTSEVALTNTQEHILMLLSEESLTNSELARRLNVSQAAVTKAIKSLVKEGMLETSKDSKDARVIFYQLTDLARPIAEEHHHHHEHTLLTYEQVATQFTPNEQKVIQRFLTALVGEIK,heteronuclear_T1_list_1,0,heteronuclear_T2_list_800,2,heteronuclear_noe_list_1,0,1
Galectin-3C,500,27721,PLIVPYNLPLPGGVVPRMLITILGTVKPNANRIALDFQRGNDVAFHFNPRFNENNRRVIVCNTKLDNNWGREERQSVFPFESGKPFKIQVLVEPDHFKVAVNDAHLLQYNHRVKKLNEISKLGISGDIDLTSASYTMI,backbone_15N_T1_500,0,backbone_15N_T2_500,0,backbone_15N_Het_NOE_500,0,1
Galectin-3C,600,27721,PLIVPYNLPLPGGVVPRMLITILGTVKPNANRIALDFQRGNDVAFHFNPRFNENNRRVIVCNTKLDNNWGREERQSVFPFESGKPFKIQVLVEPDHFKVAVNDAHLLQYNHRVKKLNEISKLGISGDIDLTSASYTMI,backbone_15N_T1_600,1,backbone_15N_T2_600,1,backbone_15N_Het_NOE_600,1,1
Galectin-3C,500,27722,PLIVPYNLPLPGGVVPRMLITILGTVKPNANRIALDFQRGNDVAFHFNPRFNENNRRVIVCNTKLDNNWGREERQSVFPFESGKPFKIQVLVEPDHFKVAVNDAHLLQYNHRVKKLNEISKLGISGDIDLTSASYTMI,backbone_15N_T1_500,0,backbone_15N_T2_500,0,backbone_Het_NOE_500,0,1
Galectin-3C,600,27722,PLIVPYNLPLPGGVVPRMLITILGTVKPNANRIALDFQRGNDVAFHFNPRFNENNRRVIVCNTKLDNNWGREERQSVFPFESGKPFKIQVLVEPDHFKVAVNDAHLLQYNHRVKKLNEISKLGISGDIDLTSASYTMI,backbone_15N_T1_600,1,backbone_15N_T2_600,1,backbone_Het_NOE_600,1,1
BlaC,600,27888,GDLADRFAELERRYDARLGVYVPATGTTAAIEYRADERFAFCSTFKAPLVAAVLHQNPLTHLDKLITYTSDDIRSISPVAQQHVQTGMTIGQLCDAAIRYSDGTAANLLLADLGGPGGGTAAFTGYLRSLGDTVSRLDAEEPELNRDPPGDERDTTTPHAIALVLQQLVLGNALPPDKRALLTDWMARNTTGAKRIRAGFPADWKVIDKTGTGDYGRANDIAVVWSPTGVPYVVAVMSDRAGGGYDAEPREALLAEAATCVAGVLA,T1_Free_600,1,T2_Free_600,1,NOE_Free_600,1,1
BlaC,850,27888,GDLADRFAELERRYDARLGVYVPATGTTAAIEYRADERFAFCSTFKAPLVAAVLHQNPLTHLDKLITYTSDDIRSISPVAQQHVQTGMTIGQLCDAAIRYSDGTAANLLLADLGGPGGGTAAFTGYLRSLGDTVSRLDAEEPELNRDPPGDERDTTTPHAIALVLQQLVLGNALPPDKRALLTDWMARNTTGAKRIRAGFPADWKVIDKTGTGDYGRANDIAVVWSPTGVPYVVAVMSDRAGGGYDAEPREALLAEAATCVAGVLA,T1_Free_850,0,T2_Free_850,0,NOE_Free_850,0,1
Voltage-dependent anion-selective channel protein 1,600,30065,SAVPPTYADLGKSARDVFTKGYGFGLIKLDLKTKSENGLEFTSSGSANTETTKVTGSLETKYRWTEYGLTFTVKWNTDNTLGTEITVEDQLARGLKLTFDSSFSPNTGKKNAKIKTGYKREHINLGCDMDFDIAGPSIRGALVLGYEGWLAGYQMNFETAKSRVTQSNFAVGYKTDEFQLHTNVNDGTEFGGSIYQKVNKKLETAVNLAWTAGNSNTRFGIAAKYQIDPDACFSAKVNNSSLIGLGYTQTLKPGIKLTLSALLDGKNVNAGGHKLGLGLEFQARS,heteronuclear_T1_list_1,0,heteronuclear_T2_list_1,0,NaN,-1,1
ubiquitin,400,4245,MQIFVKTLTGKTITLEVEPSDTIENVKAKIQDKEGIPPDQQRLIFAGKQLEDGRTLSDYNIQKESTLHLVLRLRGG,15N_T1_400,0,NaN,-1,NaN,-1,0
ubiquitin,500,4245,MQIFVKTLTGKTITLEVEPSDTIENVKAKIQDKEGIPPDQQRLIFAGKQLEDGRTLSDYNIQKESTLHLVLRLRGG,15N_T1_500,1,15N_T2_500,0,heteronuclear_NOE_500,0,0
ubiquitin,600,4245,MQIFVKTLTGKTITLEVEPSDTIENVKAKIQDKEGIPPDQQRLIFAGKQLEDGRTLSDYNIQKESTLHLVLRLRGG,15N_T1_600,2,15N_T2_600,1,heteronuclear_NOE_600,1,0
ubiquitin,750,4245,MQIFVKTLTGKTITLEVEPSDTIENVKAKIQDKEGIPPDQQRLIFAGKQLEDGRTLSDYNIQKESTLHLVLRLRGG,15N_T1_750,3,NaN,-1,heteronuclear_NOE_750,2,0
HNGAL Human Neutrophil Gelatinase-Associated Lipocalin,500,4267,MQDSTSDLIPAPPLSKVPLQQNFQDNQFQGKWYVVGLAGNAILREDKDPQKMYATIYELKEDKSYNVTSVLFRKKKCDYWIRTFVPGCQPGEFTLGNIKSYPGLTSYLVRVVSTNYNQHAMVFFKKVSQNREYFKITLYGRTKELTSELKENFIRFSKSLGLPENHIVFPVPIDQCIDG,T1_relaxation_500,2,T2_relaxation_500,2,heteronuclear_NOE_500,8,0
CC-chemokine eotaxin,500,4390,GPASVPTTCCFNLANRKIPLQRLESYRRITSGKCPQKAVIFKTKLAKDICADPKKKWVQDSMKYLDQKSPTPKP,T1_relaxation_eotaxin,0,T2_relaxation_eotaxin,0,heteronuclear_NOE_eotaxin,0,0
fMet-tRNA binding domain of initiation factor IF2,0,4697,EIEAAMKGMLDPEYEEKVIGQAEVRQTFKVSKVGTIAGCYVTDGKITRDSKVRLIRQGIVVYEGEIDSLKRYKDDVREVAQGYECGLTIKNFNDIKEGDVIEAYVMQEVARA,T1_set_1,0,T2_set_1,0,heteronuclear_NOE_set_1,0,0
Nitrogen regulatory protein C N-terminal receiver domain,750,4762,MQRGIVWVVDDDSSIRWVLERALAGAGLTCTTFENGNEVLAALASKTPDVLLSDIRMPGMDGLALLKQIKQRHPMLPVIIMTAHSDLDAAVSAYQQGAFDYLPKPFDIDEAVALVERAISHYQE,T1_set_750,0,T2_relaxation_750,0,heteronuclear_NOE_750,0,0
Nitrogen regulatory protein C N-terminal receiver domain D86N/A89T,600,4763,MQRGIVWVVDDDSSIRWVLERALAGAGLTCTTFENGNEVLAALASKTPDVLLSDIRMPGMDGLALLKQIKQRHPMLPVIIMTAHSNLDTAVSAYQQGAFDYLPKPFDIDEAVALVERAISHYQE,NaN,-1,T2_relaxation_600,1,NaN,-1,0
Nitrogen regulatory protein C N-terminal receiver domain D86N/A89T,750,4763,MQRGIVWVVDDDSSIRWVLERALAGAGLTCTTFENGNEVLAALASKTPDVLLSDIRMPGMDGLALLKQIKQRHPMLPVIIMTAHSNLDTAVSAYQQGAFDYLPKPFDIDEAVALVERAISHYQE,T1_set_750,0,T2_relaxation_750,0,heteronuclear_NOE_750,0,0
region 4 of sigma70 of E. coli RNA polymerase,500,4870,GSSHHHHHHSSGLVPRGSHMLELPLDSATTESLRAATHDVLAGLTAREAKVLRMRFGIDMNTDYTLEEVGKQFDVTRERIRQIEAKALRKLRHPSRSEVLRSFLDD,T1_Set_1,0,T2_set_1,0,heteronuclear_NOE_set_1,0,0
N-terminal domain of Tissue Inhibitor of Metalloproteinases-1,500,5154,CTCVPPHPQTAFCNSDLVIRAKFVGTPEVNQTTLYQRYEIKMTKMYKGFQALGDAADIRFVYTPAMESVCGYFHRSHNRSEEFLIAGKLQDGLLHITTCSFVAPWNSLSLAQRRGFTKTYTVGCEE,T1_relaxation_label,0,T2_relaxation_label,0,heteronuclear_NOE,0,0
cellular retinol-binding protein type I,500,5330,MPVDFNGYWKMLSNENFEEYLRALDVNVALRKIANLLKPDKEIVQDGDHMIIRTLSTFRNYIMDFQVGKEFEEDLTGIDDRKCMTTVSWDGDKLQCVQKGEKEGRGWTQWIEGDELHLEMRAEGVTCKQVFKKVH,15N_T1_500,0,15N_T2_500,0,heteronuclear_NOE_500,0,0
cellular retinol-binding protein type I,600,5330,MPVDFNGYWKMLSNENFEEYLRALDVNVALRKIANLLKPDKEIVQDGDHMIIRTLSTFRNYIMDFQVGKEFEEDLTGIDDRKCMTTVSWDGDKLQCVQKGEKEGRGWTQWIEGDELHLEMRAEGVTCKQVFKKVH,15N_T1_600,1,15N_T2_600,1,heteronuclear_NOE_600,1,0
Ovomucoid Third Domain from Turkey,500,5518,LAAVSVDCSEYPKPACTLEYRPLCGSDNKTYGNKCNFCNAVVESNGTLTLSHFGKC,T1_relaxation_500,0,15N_T2_500,0,heteronuclear_NOE_500,0,0
Ovomucoid Third Domain from Turkey,600,5518,LAAVSVDCSEYPKPACTLEYRPLCGSDNKTYGNKCNFCNAVVESNGTLTLSHFGKC,T1_relaxation_600,1,15N_T2_600,1,heteronuclear_NOE_600,1,0
Ovomucoid Third Domain from Turkey,750,5518,LAAVSVDCSEYPKPACTLEYRPLCGSDNKTYGNKCNFCNAVVESNGTLTLSHFGKC,T1_relaxation_750,2,15N_T2_750,2,heteronuclear_NOE_750,2,0
Ovomucoid Third Domain from Indian Peafowl,500,5519,LAAVSVDCSEYPKPACTLEHRPLCGSDNKTYGNKCNFCNAVVESNGTLTLSHFGKC,T1_relaxation_500,0,15N_T2_500,0,heteronuclear_NOE_500,0,0
Ovomucoid Third Domain from Indian Peafowl,600,5519,LAAVSVDCSEYPKPACTLEHRPLCGSDNKTYGNKCNFCNAVVESNGTLTLSHFGKC,T1_relaxation_600,1,15N_T2_600,1,heteronuclear_NOE_600,1,0
Ovomucoid Third Domain from Indian Peafowl,750,5519,LAAVSVDCSEYPKPACTLEHRPLCGSDNKTYGNKCNFCNAVVESNGTLTLSHFGKC,T1_relaxation_750,2,15N_T2_750,2,heteronuclear_NOE_750,2,0
de novo protein,500,5687,MYGKLNDLLEDLQEVLKNLHKNWHGGKDNLHDVDNHLQNVIEDIHDFMQGGGSGGKLQEMMKEFQQVLDELNNHLQGGKHTVHHIEQNIKEIFHHLEELVHR,15N_T1_set_500_1,0,15N_T2_set_500_1,0,heteronuclear_NOE_set_500_1,0,0
de novo protein,600,5687,MYGKLNDLLEDLQEVLKNLHKNWHGGKDNLHDVDNHLQNVIEDIHDFMQGGGSGGKLQEMMKEFQQVLDELNNHLQGGKHTVHHIEQNIKEIFHHLEELVHR,15N_T1_set_600_1,1,15N_T2_set_600_1,1,heteronuclear_NOE_set_600_1,1,0
Adenylate Kinase from Escherichia coli,600,5720,MRIILLGAPGAGKGTQAQFIMEKYGIPQISTGDMLRAAVKSGSELGKQAKDIMDAGKLVTDELVIALVKERIAQEDCRNGFLLDGFPRTIPQADAMKEAGINVDYVLEFDVPDELIVDRIVGRRVHAPSGRVYHVKFNPPKVEGKDDVTGEELTTRKDDQEETVRKRLVEYHQMTAPLIGYYSKEAEAGNTKYAKVDGTKPVAEVRADLEKILG,15N_T1_600,0,15N_T2_600,0,heteronuclear_NOE_600,0,0
Adenylate Kinase from Escherichia coli,800,5720,MRIILLGAPGAGKGTQAQFIMEKYGIPQISTGDMLRAAVKSGSELGKQAKDIMDAGKLVTDELVIALVKERIAQEDCRNGFLLDGFPRTIPQADAMKEAGINVDYVLEFDVPDELIVDRIVGRRVHAPSGRVYHVKFNPPKVEGKDDVTGEELTTRKDDQEETVRKRLVEYHQMTAPLIGYYSKEAEAGNTKYAKVDGTKPVAEVRADLEKILG,15N_T1_800,1,15N_T2_800,1,heteronuclear_NOE_800,1,0
Second PDZ Domain from PTP-BL,800,5762,KPGDTFEVELAKTDGSLGISVTVLFDKGGVNTSVRHGGIYVKAIIPKGAAESDGRIHKGDRVLAVNGVSLEGATHKQAVETLRNTGQVVHLLLEKGQVP,T1_relaxation_label,0,T2_relaxation_label,0,heteronuclear_NOE,0,0
B3 domain of Streptococcal protein G,600,5839,MQYKLVINGKTLKGETTTKAVDAETAEKAFKQYANDNGVDGVWTYDDATKTFTVTE,15N_T1_set_1,0,15N_T2_set_1,0,heteronuclear_NOE_set_1,0,0
kinase associated protein phosphatase,500,5841,GPLGSSWLFLEVIAGPAIGLQHAVNSTSSSKLPVKLGRVSPSDLALKDSEVSGKHAQITWNSTKFKWELVDMGSLNGTLVNSHSISHPDLGSRKWGNPVELASDDIITLGTTTKVYVRISSQNEFQIPFKIGVASDPMA,15N_T1_set_1,0,15N_T2_set_1,0,heteronuclear_NOE_set_1,0,0
kinase associated protein phosphatase,600,5841,GPLGSSWLFLEVIAGPAIGLQHAVNSTSSSKLPVKLGRVSPSDLALKDSEVSGKHAQITWNSTKFKWELVDMGSLNGTLVNSHSISHPDLGSRKWGNPVELASDDIITLGTTTKVYVRISSQNEFQIPFKIGVASDPMA,15N_T1_set_2,1,15N_T2_set_2,1,heteronuclear_NOE_set_2,1,0
Ets-1,500,5991,KGTFKDYVRDRADLNKDKPVIPAAALAGYTGSGPIQLWQFLLELLTDKSCQSFISWTGDGWEFKLSDPDEVARRWGKRKNKPKMNYEKLSRGLRYYYDKNIIHKTAGKRYVYRFVSDLQSLLGYTPEELHAMLDVKPDAD,15N_T1_,0,15N_T2_,0,heteronuclear_NOE_,0,0
Myosin Light Chain,700,6332,MSATRANKDIFTLFDKKGQGAIAKDSLGDYLRAIGYNPTNQLVQDIINADSSLRDASSLTLDQITGLIEVNEKELDATTKAKTEDFVKAFQVFDKESTGKVSVGDLRYMLTGLGEKLTDAEVDELLKGVEVDSNGEIDYKKFIEDVLRQ,T1_relaxation_1,0,T2_relaxation_1,0,heteronuclear_NOE_1,0,0
BsCM,600,6494,MMIRGIRGATTVERDTEEEILQKTKQLLEKIIEENHTKPEDVVQMLLSATPDLHAVFPAKAVRELSGWQYVPVTCMQEMDVTGGLKKCIRVMMTVQTDVPQDQIRHVYLEKAVVLRPDLSLTKNTEL,T1,0,15N_T2_set_600,0,heteronuclear_NOE_set_600,0,0
BsCM,900,6494,MMIRGIRGATTVERDTEEEILQKTKQLLEKIIEENHTKPEDVVQMLLSATPDLHAVFPAKAVRELSGWQYVPVTCMQEMDVTGGLKKCIRVMMTVQTDVPQDQIRHVYLEKAVVLRPDLSLTKNTEL,T1_900,1,15N_T2_set_900,1,NaN,-1,0
IF2-C1,600,6577,NEFELGTRGSSRVDLQEQRSVKTRVSLDDLFEQIKQGEMKELNLIVKADVQGSVEALVAALQKIDVEGVRVKIIHAAVGAITESDISLATASNAIVIGFNVRPDANAKRAAESEKVDIRLHRIIYNVIEEIEAAM,T1_list_1,0,T2_list_1,0,heteronucl_NOE_list_1,0,0
EcCdtB-II,600,6758,MAHHHHHHVGTDLTDFRVATWNLQGASATTESKWNINVRQLISGENAVDILAVQEAGSPPSTAVDTGRVIPSPGIPVRELIWNLSTNSRPQQVYIYFSAVDALGGRVNLALVSNRRADEVFVLSPVRQGGRPLLGIRIGNDAFFTAHAIAMRNNDAPALVEEVYNFFRDSRDPVHQALNWMILGDFNREPADLEMNLTVPVRRASEIISPAAATQTSQRTLDYAVAGNSVAFRPSPLQAGIVYGARRTQISSDHFPVGVSRR,T1_list_1,0,T2_list_1,0,heteronucl_NOE_list_1,0,0
PSE-4_mature_enzyme,500,6838,SSSKFQQVEQDVKAIEVSLSARIGVSVLDTQNGEYWDYNGNQRFPLTSTFKTIACAKLLYDAEQGKVNPNSTVEIKKADLVTYSPVIEKQVGQAITLDDACFATMTTSDNTAANIILSAVGGPKGVTDFLRQIGDKETRLDRIEPDLNEGKLGDLRDTTTPKAIASTLNKFLFGSALSEMNQKKLESWMVNNQVTGNLLRSVLPAGWNIADRSGAGGFGARSITAVVWSEHQAPIIVSIYLAQTQASMEERNDAIVKIGHSIFDVYTSQSR,heteronuclear_T1_list_1,0,heteronuclear_T2_list_1,0,heteronuclear_noe_list_1,0,0
PSE-4_mature_enzyme,600,6838,SSSKFQQVEQDVKAIEVSLSARIGVSVLDTQNGEYWDYNGNQRFPLTSTFKTIACAKLLYDAEQGKVNPNSTVEIKKADLVTYSPVIEKQVGQAITLDDACFATMTTSDNTAANIILSAVGGPKGVTDFLRQIGDKETRLDRIEPDLNEGKLGDLRDTTTPKAIASTLNKFLFGSALSEMNQKKLESWMVNNQVTGNLLRSVLPAGWNIADRSGAGGFGARSITAVVWSEHQAPIIVSIYLAQTQASMEERNDAIVKIGHSIFDVYTSQSR,heteronuclear_T1_list_2,1,heteronuclear_T2_list_2,1,heteronuclear_noe_list_2,1,0
PSE-4_mature_enzyme,800,6838,SSSKFQQVEQDVKAIEVSLSARIGVSVLDTQNGEYWDYNGNQRFPLTSTFKTIACAKLLYDAEQGKVNPNSTVEIKKADLVTYSPVIEKQVGQAITLDDACFATMTTSDNTAANIILSAVGGPKGVTDFLRQIGDKETRLDRIEPDLNEGKLGDLRDTTTPKAIASTLNKFLFGSALSEMNQKKLESWMVNNQVTGNLLRSVLPAGWNIADRSGAGGFGARSITAVVWSEHQAPIIVSIYLAQTQASMEERNDAIVKIGHSIFDVYTSQSR,heteronuclear_T1_list_3,2,heteronuclear_T2_list_3,2,heteronuclear_noe_list_3,2,0
NCK2 2nd SH3,800,7035,IPAFVKFAYVAEREDELSLVKGSRVTVMEKCSDGWWRGSYNGQIGWFPSNYVLEEVD,T1_list_1,0,T2_list_1,0,NaN,-1,0
NCK2 3rd SH3,800,7036,HVVQTLYPFSSVTEEELNFEKGETMEVIEKPENDPEWWKCKNARGQVGLVPKNYVVVLS,T1_list_1,0,T2_list_1,0,NaN,-1,0
DPDE-trans,600,7056,GDPDESTSGVESAVLRGFLILGKEDRRYGPALSINELSNLAKGEKANVLIGQGDVVLVMKRKRDSSILTDSQTATKRIRMAIN,T1_list_1,0,T2_list_1,0,heteronucl_NOE_list_1,0,0
domain III-IV,600,7088,NEFELGTRGSSRVDLQEQRSVKTRVSLDDLFEQIKQGEMKELNLIVKADVQGSVEALVAALQKIDVEGVRVKIIHAAVGAITESDISLATASNAIVIGFNVRPDANAKRAAESEKVDIRLHRIIYNVIEEIEAAMKGMLDEYEEKVIGQAEVRQTFKVSKVGTIAGCYVTDGKITRDSKVRLIRQGIVVYEGEIDSLKRYKDDVREVAQGYECGLTIKNFNDIKEGDVIEAYVMQEVARA,T1_list_1,0,T2_list_1,0,heteronucl_NOE_list_1,0,0
hUev1a,500,7219,MPGEVQASYLKSQSKLSDEGRLEPRKFHCKGVKVPRNFRLLEELEEGQKGVGDGTVSWGLEDDEDMTLTRWTGMIIGPPRTIYENRIYSLKIECGPKYPEAPPFVRFVTKINMNGVNSSNGVVDPRAISVLAKWQNSYSIKVVLQELRRLMMSKENMKLPQPPEGQCYSN,T1_list_2,1,T2_list_2,1,NaN,-1,0
hUev1a,600,7219,MPGEVQASYLKSQSKLSDEGRLEPRKFHCKGVKVPRNFRLLEELEEGQKGVGDGTVSWGLEDDEDMTLTRWTGMIIGPPRTIYENRIYSLKIECGPKYPEAPPFVRFVTKINMNGVNSSNGVVDPRAISVLAKWQNSYSIKVVLQELRRLMMSKENMKLPQPPEGQCYSN,T1_list_1,0,T2_list_1,0,NaN,-1,0
IscU(D39A),600,7432,MAYSEKVIDHYENPRNVGSFDNNDENVGSGMVGAPACGAVMKLQIKVNDEGIIEDARFKTYGCGSAIASSSLVTEWVKGKSLDEAQAIKNTDIAEELELPPVKIHCSILAEDAIKAAIADYKSKREAK,heteronuclear_T1_list_1,0,heteronuclear_T2_list_1,0,heteronuclear_noe_list_1,0,0
MESD polymer chain,600,11076,GDIRDYNDADMARLLEQWEKDDDIEEGDLPEHKRPSAPIDFSKLDPGKPESILKMTKKGKTLMMFVTVSGNPTEKETEEITSLWQGSLFNANYDVQRFIVGSDRAIFMLRDGSYAWEIKDFLVSQDRCAEVTLEGQMYPGK,heteronuclear_T1_list_1,0,heteronuclear_T2_list_1,0,NaN,-1,0
CsPin,500,11080,GPMGSMADKIKCSHILVKKQGEALAVQERLKAGEKFGKLAKELSIDGGSAKRDGSLGYFGRGKMVKPFEDAAFRLQVGEVSEPVKSEFGYHVIKRLG,heteronuclear_T1_list_1,0,heteronuclear_T2_list_1,0,heteronuclear_noe_list_1,0,0
triosephosphate_isomerase,600,15064,MAPRKFFVGGNWKMNGDKKSLGELIHTLNGAKLSADTEVVCGAPSIYLDFARQKLDAKIGVAAQNCYKVPKGAFTGEISPAMIKDIGAAWVILGHSERRHVFGESDELIGQKVAHALAEGLGVIACIGEKLDEREAGITEKVVFEQTKAIADNVKDWSKVVLAYEPVWAIGTGKTATPQQAQEVHEKLRGWLKSHVSDAVAQSTRIIYGGSVTGGNCKELASQHDVDGFLVGGASLKPEFVDIINAKH,15N_T1_600MHz,0,15N_T2_600MHz,0,1H15N_ssNOE_600MHz,0,0
triosephosphate_isomerase,800,15064,MAPRKFFVGGNWKMNGDKKSLGELIHTLNGAKLSADTEVVCGAPSIYLDFARQKLDAKIGVAAQNCYKVPKGAFTGEISPAMIKDIGAAWVILGHSERRHVFGESDELIGQKVAHALAEGLGVIACIGEKLDEREAGITEKVVFEQTKAIADNVKDWSKVVLAYEPVWAIGTGKTATPQQAQEVHEKLRGWLKSHVSDAVAQSTRIIYGGSVTGGNCKELASQHDVDGFLVGGASLKPEFVDIINAKH,15N_T1_800MHz,1,15N_T2_800MHz,1,1H15N_ssNOE_800MHz,1,0
PGG/GGG_mono,600,15066,MAPRKFFVGGNWKMNGDKKSLGELIHTLNGAKLSADTEVVCGAPSIYLDFARQKLDAKIGVAAQNCYKVPKGAFTGEISPAMIKDIGAAWVILGHSERRHVFGESDELIGQKVAHALAEGLGVIACIGEKLDEREAGITEKVVFEQTKAIADNVKDWSKVVLAYEPGGAIGTGGGGTPQQAQEVHEKLRGWLKSHVSDAVAQSTRIIYGGSVTGGNCKELASQHDVDGFLVGGASLKPEFVDIINAKH,15N_T1_600MHz,0,15N_T2_600MHz,0,1H15N_ssNOE_600MHz,0,0
PGG/GGG_mono,800,15066,MAPRKFFVGGNWKMNGDKKSLGELIHTLNGAKLSADTEVVCGAPSIYLDFARQKLDAKIGVAAQNCYKVPKGAFTGEISPAMIKDIGAAWVILGHSERRHVFGESDELIGQKVAHALAEGLGVIACIGEKLDEREAGITEKVVFEQTKAIADNVKDWSKVVLAYEPGGAIGTGGGGTPQQAQEVHEKLRGWLKSHVSDAVAQSTRIIYGGSVTGGNCKELASQHDVDGFLVGGASLKPEFVDIINAKH,15N_T1_800MHz,1,15N_T2_800MHz,1,1H15N_ssNOE_800MHz,1,0
D6-HP,750,15097,PRLFECSNKTGRFLATEIVDFTQDDLDENDVYLLDTWDQIFFWIGKGANESEKEAAAETAQEYLRSHPGSRDLDTPIIVVKQGFEPPTFTGWFMAWDPLCWSDRKSYDELKAELGDNASIGQLVSGLTSKNEVFTATTTLVPTKLETFPLDVLVNTAAEDLPRGVDPSRKENHLSDEDFKAVFGMTRSAFANLPLWKQQNLKKEKGLF,T1_relaxation,0,T2_relaxation,0,heteronuclear_NOE,0,0
PrSH3,600,15254,GSHMDEVERRLVKVLKDVSRSPFGNPIPGLDELGVGNSDAAAPGTRVIDAATSMPRKVRIVQINEIFQVETDQFTQLLDADIRVGSEVEIVDRDGHITLSHNGKDVELLDDLAHTIRIEEL,heteronuclear_T1_list_1,0,heteronuclear_T2_list_1,0,heteronuclear_noe_list_1,0,0
PrSH3,720,15254,GSHMDEVERRLVKVLKDVSRSPFGNPIPGLDELGVGNSDAAAPGTRVIDAATSMPRKVRIVQINEIFQVETDQFTQLLDADIRVGSEVEIVDRDGHITLSHNGKDVELLDDLAHTIRIEEL,heteronuclear_T1_list_2,1,heteronuclear_T2_list_2,1,NaN,-1,0
SH3,600,15255,GSHMDAAAPGTRVIDAATSMPRKVRIVQINEIFQVETDQFTQLLDADIRVGSEVEIVDRDGHITLSHNGKDVELLDDLAHTIRIEEL,heteronuclear_T1_list_1,0,heteronuclear_T2_list_1,0,heteronuclear_noe_list_1,0,0
delta1.5,600,15408,MTTFKLIINGKTLKGETTTEAVDAATAEKVLKQYINDNGIDGEWTYDDATKTWTVTE,heteronuclear_T1_list,0,heteronuclear_T2_list,0,NaN,-1,0
S836,500,15437,MYGKLNDLLEDLQEVLKHVNQHWQGGQKNMNKVDHHLQNVIEDIHDFMQGGGSGGKLQEMMKEFQQVLDEIKQQLQGGDNSLHNVHENIKEIFHHLEELVHR,T1_list_1,0,T2_list_1,0,NOE_list_1,0,0
S836,600,15437,MYGKLNDLLEDLQEVLKHVNQHWQGGQKNMNKVDHHLQNVIEDIHDFMQGGGSGGKLQEMMKEFQQVLDEIKQQLQGGDNSLHNVHENIKEIFHHLEELVHR,T1_list_2,1,T2_list_2,1,NOE_list_2,1,0
15.5K,500,15445,MGHHHHHHSSGIEEGRMTEADVNPKAYPLADAHLTKKLLDLVQQSCNYKQLRKGANEATKTLNRGISEFIVMAADAEPLEIILHLPLLCEDKNVPYVFVRSKQALGRACGVSRPVIACSVTIKEGSQLKQQIQSIQQSIERLLV,heteronuclear_T1_list_1,0,heteronuclear_T2_list_1,0,heteronuclear_noe_list_1,0,0
15.5K,600,15445,MGHHHHHHSSGIEEGRMTEADVNPKAYPLADAHLTKKLLDLVQQSCNYKQLRKGANEATKTLNRGISEFIVMAADAEPLEIILHLPLLCEDKNVPYVFVRSKQALGRACGVSRPVIACSVTIKEGSQLKQQIQSIQQSIERLLV,heteronuclear_t1_list_2,1,heteronuclear_t2_list_2,1,heteronuclear_noe_list_2,1,0
OST_(On-SighT),500,15451,MAECVSQAIDINEPIGNLKKLLEPRLQCSLDAHEICLQDIQLDPDRSLFDQGVKTDGTVQLSVQVISYQGMEPKLNILEIVKTAETVEW,heteronuclear_T1_list_1,0,heteronuclear_T2_list_1,0,heteronuclear_noe_list_1,0,0
HOMER3A_EVH1_domain,600,15481,SMAREQPIFSTRAHVFQIDPATKRNWIPAGKHALTVSYFYDATRNVYRIISIGGAKAIINSTVTPNMTFTKTSQKFGQWADSRANTVYGLGFASEQHLTQFAEKFQEVKEAARLARE,heteronuclear_T1_list_1,0,heteronuclear_T2_list_1,0,NaN,-1,0
YmoA,500,15486,GTKTDYLMRLRKCTTIDTLERVIEKNKYELSDDELELFYSAADHRLAELTMNKLYDKIPPTVWQHVKHHHHHH,heteronuclear_T1_list_1,0,heteronuclear_T2_list_1,0,NaN,-1,0
TTF-1_HD,500,15521,MRRKRRVLFSQAQVYELERRFKQQKYLSAPEREHLASMIHLTPTQVKIWFQNHRYKMKRQAKDKAAQQ,heteronuclear_T1_list_1,0,heteronuclear_T2_list_1,0,heteronuclear_noe_list_1,0,0
CopK,600,15655,VDMSNVVKTYDLQDGSKVHVFKDGKMGMENKFGKSMNMPEGKVMETRDGTKIIMKGNEIFRLDEALRKGHSEGG,heteronuclear_T1_list_1,0,heteronuclear_T2_list_1,0,heteronuclear_noe_list_1,0,0
CD69,600,15703,GQYTFSMPSDSHVSSCSEDWVGYQRKCYFISTVKRSWTSAQNACSEHGATLAVIDSEKDMNFLKRYAGREEHWVGLKKEPGHPWKWSNGKEFNNWFNVTGSDKCVFLKNTEVSSMECEKNLYWICNKPYK,heteronuclear_T1_list_1,0,heteronuclear_T2_list_1,0,heteronuclear_noe_list_1,0,0
hCSD1,500,15766,AVPVESKPDKPSGKSGMDAALDDLIDTLGGPEETEEENTTYTGPEVSDPMSSTYIEELGKREVTIPPKYRELLAKKEGITGPPADSSKPIGPDDAIDALSSDFTCGSPTAAGKKTEKEESTEVLKAQSAGTVRSAAPPQEK,heteronuclear_T1_list_1,0,heteronuclear_T2_list_1,0,NaN,-1,0
CopR-NTD,700,15793,MSYYHHHHHHDYDIPTTENLYFQGAMNEVEFNVSNAELIVMRVIWSLGEARVDEIYAQIPQELEWSLATVKTLLGRLVKKEMLSTEKEGRKFVYRPLME,heteronuclear_T1_list_1,0,heteronuclear_T2_list_1,0,heteronuclear_noe_list_1,0,0
MBF1,500,15795,GAMDPEFAGGTEGQRLTKVDRSDDIIKPKTVGKEVGKAIEQGRQKFEPTMTQAELGKEIGETAATVASYERGTATPDQNILSKMERVLNVKLRGANIGAPRLGPKKK,heteronuclear_T1_list_1,0,heteronuclear_T2_list_1,0,heteronuclear_noe_list_1,0,0
4_sigma70,500,15930,MGSSHHHHHHSSGLVPRGSHMLELPLDSATTESLRAATHDVLAGLTAREAKVLRMRFGIDMNTDYTLEEVGKQFDVTRERIRQIEAKALRKLRHPSRSEVLRSFLDD,heteronuclear_T1_list_1,0,heteronuclear_T2_list_1,0,NaN,-1,0
4_sigma70,800,15975,MGSSHHHHHHSSGLVPRGSHMLELPLDSATTESLRAATHDVLAGLTAREAKVLRMRFGIDMNTDYTLEEVGKQFDVTRERIRQIEAKALRKLRHPSRSEVLRSFLDD,heteronuclear_T1_list_1,0,heteronuclear_T2_list_1,0,heteronuclear_noe_list_1,0,0
S100A5,700,16033,METPLEKALTTMVTTFHKYSGREGSKLTLSRKELKELIKKELCLGEMKESSIDDLMKSLDKNSDQEIDFKEYSVFLTMLCMAYNDFFLEDNK,heteronuclear_T1_list_1,0,heteronuclear_T2_list_1,0,heteronuclear_NOE_list_1,0,0
apomyoglobin,600,16217,VLSEGEWQLVLHVWAKVEADVAGHGQDILIRLFKSHPETLEKFDRFKHLKTEAEMKASEDLKKHGVTVLTALGAILKKKGHHEAELKPLAQSHATKHKIPIKYLEFISEAIIHVLHSRH,heteronuclear_T1_list_1,0,heteronuclear_T2_list_1,0,NaN,-1,0
apoMb_1-119_fragment,600,16218,VLSEGEWQLVLHVWAKVEADVAGHGQDILIRLFKSHPETLEKFDRFKHLKTEAEMKASEDLKKHGVTVLTALGAILKKKGHHEAELKPLAQSHATKHKIPIKYLEFISEAIIHVLHSRH,heteronuclear_T1_list_1,0,heteronuclear_T2_list_1,0,heteronuclear_noe_list_1,0,0
MPMV_NTD_CA,600,16234,PVTETVDGQGQAWRHHNGFDFAVIKELKTAASQYGATAPYTLAIVESVADNWLTPTDWNTLVRAVLSGGDHLLWKSEFFENCRDTAKRNQQAGNGWDFDMLTGSGNYSSTDAQMQYDPGLFAQIQAAATKAWRKLPVKGD,heteronuclear_T1_list_1,0,heteronuclear_T2_list_1,0,heteronuclear_noe_list_1,0,0
TEM-1,500,16392,MSIQHFRVALIPFFAAFCLPVFAHPGTLVKVKDAEDQLGARVGYIELDLNSGKILESFRPEERFPMMSTFKVLLCGAVLSRVDAGQEQLGRRIHYSQNDLVEYSPVTEKHLTDGMTVRELCSAAITMSDNTAANLLLTTIGGPKELTAFLHNMGDHVTRLDRWEPELNEAIPNDERDTTMPAAMATTLRKLLTGELLTLASRQQLIDWMEADKVAGPLLRSALPAGWFIADKSGAGERGSRGIIAALGPDGKPSRIVVIYTTGSQATMDERNRQIAEIGASLIKHW,heteronuclear_T1_list_1,0,heteronuclear_T2_list_1,0,heteronuclear_noe_list_1,0,0
TEM-1,600,16392,MSIQHFRVALIPFFAAFCLPVFAHPGTLVKVKDAEDQLGARVGYIELDLNSGKILESFRPEERFPMMSTFKVLLCGAVLSRVDAGQEQLGRRIHYSQNDLVEYSPVTEKHLTDGMTVRELCSAAITMSDNTAANLLLTTIGGPKELTAFLHNMGDHVTRLDRWEPELNEAIPNDERDTTMPAAMATTLRKLLTGELLTLASRQQLIDWMEADKVAGPLLRSALPAGWFIADKSGAGERGSRGIIAALGPDGKPSRIVVIYTTGSQATMDERNRQIAEIGASLIKHW,heteronuclear_T1_list_2,1,heteronuclear_T2_list_2,1,heteronuclear_noe_list_2,1,0
TEM-1,800,16392,MSIQHFRVALIPFFAAFCLPVFAHPGTLVKVKDAEDQLGARVGYIELDLNSGKILESFRPEERFPMMSTFKVLLCGAVLSRVDAGQEQLGRRIHYSQNDLVEYSPVTEKHLTDGMTVRELCSAAITMSDNTAANLLLTTIGGPKELTAFLHNMGDHVTRLDRWEPELNEAIPNDERDTTMPAAMATTLRKLLTGELLTLASRQQLIDWMEADKVAGPLLRSALPAGWFIADKSGAGERGSRGIIAALGPDGKPSRIVVIYTTGSQATMDERNRQIAEIGASLIKHW,heteronuclear_T1_list_3,2,heteronuclear_T2_list_3,2,NaN,-1,0
murine Ets-1,600,16426,GSHMECADVPLLTPSSKEMMSQALKATFSGFTKEQQRLGIPKDPRQWTETHVRDWVMWAVNEFSLKGVDFQKFCMSGAALCALGKECFLELAPDFVGDILWEHLEILQKEDVK,heteronuclear_T1_list_1,0,heteronuclear_T2_list_1,0,heteronuclear_noe_list_1,0,0
NMB1343,600,16737,MGNFLYRGISCQQDEQNNGQLKPKGNKAEVAIRYDGKFKYDGKATHGPSVKNAVYAHQIETGLYDGCYISTTTDKEIAKKFATSSGIENGYIYVLNRDLFGQYSIFEYEVEHPENPNEKEVTIRAEDCGCIPEEVIIAKELIEINLEHHHHHH,heteronuclear_T1_list_1,0,heteronuclear_T2_list_1,0,heteronuclear_noe_list_1,0,0
cementoin,600,16845,AVTGVPVKGQDTVKGRVPFNGQDPVKGQVSVKGQDKVK,heteronuclear_T1_list_1,0,heteronuclear_T2_list_1,0,heteronuclear_noe_list_1,0,0
ERD14,600,16876,MAEEIKNVPEQEVPKVATEESSAEVTDRGLFDFLGKKKDETKPEETPIASEFEQKVHISEPEPEVKHESLLEKLHRSDSSSSSSSEEEGSDGEKRKKKKEKKKPTTEVEVKEEEKKGFMEKLKEKLPGHKKPEDGSAVAAAPVVVPPPVEEAHPVEKKGILEKIKEKLPGYHPKTTVEEEKKDKE,heteronuclear_T1_list_1,0,heteronuclear_T2_list_1,0,heteronuclear_noe_list_1,0,0
alpha-synuclein,800,16904,MDVFMKGLSKAKEGVVAAAEKTKQGVAEAAGKTKEGVLYVGSKTKEGVVHGVATVAEKTKEQVTNVGGAVVTGVTAVAQKTVEGAGSIAAATGFVKKDQLGKNEEGAPQEGILEDMPVDPDNEAYEMPSEEGYQDYEPEA,NaN,-1,heteronuclear_T2_list_1,0,NaN,-1,0
CKI1RD,600,16917,MGSSHHHHHHSSGLVPRGSHMASTDSESETRVKSVRTGRKPIGNPEDEQETSKPSDDEFLRGKRVLVVDDNFISRKVATGKLKKMGVSEVEQCDSGKEALRLVTEGLTQREEQGSVDKLPFDYIFMDCQMPEMDGYEATREIRKVEKSYGVRTPIIAVSGHDPGSEEARETIQAGMDAFLDKSLNQLANVIREIESKRHLEHHHHHH,NaN,-1,NaN,-1,heteronucl_NOEs_1,0,0
apo-TrpR,600,17010,MAQQSPYSAAMAEQRHQEWLRFVDLLKNAYQNDLHLPLLNLMLTPDEREALGTRVRIVEELLRGEMSQRELKNELGAGIATITRGSNSLKAAPVELRQWLEEVLLKSD,15N-T1_apo-WT-TrpR,0,heteronuclear_T2_apoWT,0,het_nOe_apoWT,0,0
apo-L75F-TrpR,600,17012,MAQQSPYSAAMAEQRHQEWLRFVDLLKNAYQNDLHLPLLNLMLTPDEREALGTRVRIVEELLRGEMSQRELKNEFGAGIATITRGSNSLKAAPVELRQWLEEVLLKSD,15N-T1_apo-L75F-TrpR,0,heteronuclear_T2_apoL75F,0,het_nOe_apoL75F,0,0
apo-A77V-TrpR,600,17013,MAQQSPYSAAMAEQRHQEWLRFVDLLKNAYQNDLHLPLLNLMLTPDEREALGTRVRIVEELLRGEMSQRELKNELGVGIATITRGSNSLKAAPVELRQWLEEVLLKSD,15N-T1_apo-A77V-TrpR,0,heteronuclear_T2_apoA77V,0,het_nOe_apoA77V,0,0
DAXX,500,17018,GSHMGKKCYKLENEKLFEEFLELCKMQTADHPEVVPFLYNRQQRAHSLFLASAEFCNILSRVLSRARSRPAKLYVYINELCTVLKAHSAKKKLN,heteronuclear_T1_list_1,0,heteronuclear_T2_list_1,0,heteronuclear_noe_list_1,0,0
E73,600,17069,MHHHHHHMVESKKIAKKKTTLAFDEDVYHTLKLVSVYLNRDMTEIIEEAVVMWLIQNKEKLPNELKPKIDEISKRFFPAK,heteronuclear_T1_list_1,0,heteronuclear_T2_list_1,0,heteronuclear_noe_list_1,0,0
DOMAIN_OF_A_CELL_WALL_SURFACE_ANCHOR_FAMILY_PROTEIN,500,17246,METASAATVFAAGTTTTSVTVHKLLATDGDMDKIANELETGNYAGNKVGVLPANAKEIAGVMFVWTNTNNEIIDENGQTLGVNIDPQTFKLSGAMPATAMKKLTEAEGAKFNTANLPAAKYKIYEIHSLSTYVGEDGATLTGSKAVPIEIELPLNDVVDAHVYPKNTEAKPKILEHHHHHH,heteronuclear_T1_list_1,0,heteronuclear_T2_list_1,0,heteronuclear_noe_list_1,0,0
SilB(440-521),600,17266,GPEHRAVGRIQSIGERSLIIAHEAIPSAQWGAMTMEFAAPPAGLPQGLKAGDRVAFSFRLDPHGMATLVTVAPQVQTAGAKP,heteronuclear_T1_list_1,0,heteronuclear_T2_list_1,0,heteronuclear_noe_list_1,0,0
IscU,600,17282,MAYSEKVIDHYENPRNVGSFDNNDENVGSGMVGAPACGDVMKLQIKVNDEGIIEDARFKTYGCGSAIASSSLVTEWVKGKSLDEAQAIKNTDIAEELELPPVKIHCSILAEDAIKAAIADYKSKREAK,heteronuclear_T1_list_1,0,heteronuclear_T2_list_1,0,heteronuclear_noe_list_1,0,0
NR1C,600,17306,GHMWGSKDGNTPLHNAAKNGHAEEVKKLLSKGADVNARSKDGNTPLHLAAKNGHAEIVKLLLAKGADVNARSKDGNTPEHLAKKNGHHEIVKLLDAKGADVNARSWGSSHHHHHH,heteronuclear_R1_list,0,heteronuclear_R2_list,0,heteronuclear_noe_list,0,0
dCstF-50,700,17308,MRDEILDPSNLVKNREILYRLMISQLMYDGLEKFAMELSMLVKADQCAPSERLLHVMIAGMQTLSLGS,heteronuclear_T1_list_1,0,heteronuclear_T2_list_1,0,heteronuclear_noe_list_1,0,0
Immunity protein 7,500,17513,MEHHHHHHELKNSISDYTEAEFVQAAKEIEKENVAATDDVLDVALEHFVKITEHPDGTDLIYYPSDNRDDSPEGIVKEIKEWRAANGKPGFKQG,NaN,-1,T2,0,heteronuclear_noe_list_1,0,0
ykud_no_mutations,600,17701,GRKLLTYQVKQGDTLNSIAADFRISTAALLQANPSLQAGLTAGQSIVIPGLPDPYTIPYHIAVSIGAKTLTLSLNNRVMKTYPIAVGKILTQTPTGEFYIINRQRNPGGPFGAYWLSLSKQHYGIHGTNNPASIGKAVSKGCIRMHNKDVIELASIVPNGTRVTINRGSHHHHHH,heteronuclear_T1_list_1,0,heteronuclear_T2_list_1,0,heteronuclear_noe_list_1,0,0
DamX_SPOR_domain_polypeptide,600,17783,MRGSHHHHHHGSNNNGSLKSAPSSHYTLQLSSSSNYDNLNGWAKKENLKNYVVYETTRNGQPWYVLVSGVYASKEEAKKAVSTLPADVQAKNPWAKPLRQVQADLK,heteronuclear_T1_list_1,0,heteronuclear_T2_list_1,0,heteronuclear_noe_list_1,0,0
S100A1E32Q_calcium_binding_protein,400,17857,GSELETAMETLINVFHAHSGKEGDKYKLSKKQLKELLQTELSGFLDAQKDVDAVDKVMKELDENGDGEVDFQEYVVLVAALTVACNNFFWENS,heteronuclear_T1_list_1,0,heteronuclear_T2_list_1,0,heteronuclear_noe_list_1,0,0
S100A1E32Q_calcium_binding_protein,500,17857,GSELETAMETLINVFHAHSGKEGDKYKLSKKQLKELLQTELSGFLDAQKDVDAVDKVMKELDENGDGEVDFQEYVVLVAALTVACNNFFWENS,heteronuclear_T1_list_2,1,heteronuclear_T2_list_2,1,heteronuclear_noe_list_2,1,0
S100A1E32Q_calcium_binding_protein,700,17857,GSELETAMETLINVFHAHSGKEGDKYKLSKKQLKELLQTELSGFLDAQKDVDAVDKVMKELDENGDGEVDFQEYVVLVAALTVACNNFFWENS,heteronuclear_T1_list_3,2,heteronuclear_T2_list_3,2,heteronuclear_noe_list_3,2,0
ViCin1-D1D2,600,17865,ADVFDPPTQYGYDGKPLDASFCRTAGSREKDCRKDVQACDKKYDDQGRETACAKGIREKYKPAVVYGYDGKPLDLGFCTLAGIREVDCRKDAQTCDKKYESDKCLNAIKEKYKPVVDPNPPA,heteronuclear_T1_list_1,0,heteronuclear_T2_list_1,0,heteronuclear_noe_list_1,0,0
isolcated_c_domain_of_calmodulin,600,17881,DTDSEEEIREAFRVFDKDGNGYISAAELRHVMTNLGEKLTDEEVDEMIREADIDGDGQVNYEEFVQMMTAK,T1_apo_C-CaM,0,T2_apo_C-CaM,0,noe_apo_C-CaM,0,0
ykud_imip,600,18037,GRKLLTYQVKQGDTLNSIAADFRISTAALLQANPSLQAGLTAGQSIVIPGLPDPYTIPYHIAVSIGAKTLTLSLNNRVMKTYPIAVGKILTQTPTGEFYIINRQRNPGGPFGAYWLSLSKQHYGIHGTNNPASIGKAVSKGCIRMHNKDVIELASIVPNGTRVTINRGSHHHHHH,heteronuclear_T1_list_1,0,heteronuclear_T2_list_1,0,heteronuclear_noe_list_1,0,0
S100A1C85M,400,18087,GSELETAMETLINVFHAHSGKEGDKYKLSKKELKELLQTELSGFLDAQKDVDAVDKVMKELDENGDGEVDFQEYVVLVAALTVAMNNFFWENS,heteronuclear_T1_list_1,0,heteronuclear_T2_list_1,0,heteronuclear_noe_list_1,0,0
S100A1C85M,500,18087,GSELETAMETLINVFHAHSGKEGDKYKLSKKELKELLQTELSGFLDAQKDVDAVDKVMKELDENGDGEVDFQEYVVLVAALTVAMNNFFWENS,heteronuclear_T1_list_2,1,heteronuclear_T2_list_2,1,heteronuclear_noe_list_2,1,0
S100A1C85M,700,18087,GSELETAMETLINVFHAHSGKEGDKYKLSKKELKELLQTELSGFLDAQKDVDAVDKVMKELDENGDGEVDFQEYVVLVAALTVAMNNFFWENS,heteronuclear_T1_list_3,2,heteronuclear_T2_list_3,2,heteronuclear_noe_list_3,2,0
NeRF1,600,18092,MADDPSAADRNVEIWKIKKLIKSLEAARGNGTSMISLIIPPKDQISRVAKMLADEFGTASNIKSRVNRLSVLGAITSVQQRLKLYNKVPPNGLVVYCGTIVTEEGKEKKVNIDFEPFKPINTSLYLCDNKFHTEALTALLSDLEHHHHHH,heteronuclear_T1_list_1,0,heteronuclear_T2_list_1,0,heteronuclear_noe_list_1,0,0
R17,600,18260,MARGQRLEESLEYQQFVANVEEEEAWINEKMTLVASEDYGDTLAAIQGLLKKHEAFETDFTVHKDRVNDVCANGEDLIKKNNHHVENITAKMKGLKGKVSDLEKAAAQRKAKLDENSA,heteronuclear_T1_list_1,0,heteronuclear_T2_list_1,0,heteronuclear_noe_list_1,0,0
APOBEC2_41-224,700,18306,SEFIVTGERLPANFFKFQFRNVEYSSGRNKTFLCYVVEAQGKGGQVQASRGYLEDEHAAAHAEEAFFNTILPAFDPALRYNVTWYVSSSPCAACADRIIKTLSKTKNLRLLILVGRLFMWEEPEIQAALKKLKEAGCKLRIMKPQDFEYVWQNFVEQEEGESKAFQPWEDIQENFLYYEEKLADILK,heteronuclear_T1_list_1,0,heteronuclear_T2_list_1,0,heteronuclear_noe_list_1,0,0
nc2,800,18351,SPAAMERQVPYTPCSGLYGTAQCCATDVLGVADLDCANPPATLANATHFESTCAAIGQRARCCVLPILGQDILCQTPAGL,heteronuclear_T1_list,0,heteronuclear_T2_list,0,heteronuclear_noe_list,0,0
IscU(D39V),600,18359,MAYSEKVIDHYENPRNVGSFDNNDENVGSGMVGAPACGVVMKLQIKVNDEGIIEDARFKTYGCGSAIASSSLVTEWVKGKSLDEAQAIKNTDIAEELELPPVKIHCSILAEDAIKAAIADYKSKREAK,heteronuclear_T1_list_1,0,heteronuclear_T2_list_1,0,heteronuclear_noe_list_1,0,0
IscU(E111A),600,18360,MAYSEKVIDHYENPRNVGSFDNNDENVGSGMVGAPACGDVMKLQIKVNDEGIIEDARFKTYGCGSAIASSSLVTEWVKGKSLDEAQAIKNTDIAEELELPPVKIHCSILAADAIKAAIADYKSKREAK,NaN,-1,heteronuclear_T2_list_1,0,heteronuclear_noe_list_1,0,1
IscU(N90A),600,18361,MAYSEKVIDHYENPRNVGSFDNNDENVGSGMVGAPACGDVMKLQIKVNDEGIIEDARFKTYGCGSAIASSSLVTEWVKGKSLDEAQAIKATDIAEELELPPVKIHCSILAEDAIKAAIADYKSKREAK,heteronuclear_T1_list_1,0,heteronuclear_T2_list_1,0,heteronuclear_noe_list_1,0,0
IscU(S107A),600,18362,MAYSEKVIDHYENPRNVGSFDNNDENVGSGMVGAPACGDVMKLQIKVNDEGIIEDARFKTYGCGSAIASSSLVTEWVKGKSLDEAQAIKNTDIAEELELPPVKIHCAILAEDAIKAAIADYKSKREAK,heteronuclear_T1_list_1,0,heteronuclear_T2_list_1,0,heteronuclear_noe_list_1,0,0
dvCcmE',600,18380,SHMATPQDKLHTVRLFGTVAADGLTMLDGAPGVRFRLEDKDNTSKTVWVLYKGAVPDTFKPGVEVIIEGGLAPGEDTFKARTLMTKCPSKYQKENRG,heteronuclear_T1_list_1,0,heteronuclear_T2_list_1,0,heteronuclear_noe_list_1,0,0
AfAglB-S2,600,18477,MAHHHHHHSAALEVLFQGPEMTMDWKEALNWMKENLEAQDYLKAYEKPDYAVLSWWDYGNWILYVAKKAVVCNNFQAGADDAAKFFTAQSEEEAMKIVEKRKVRYVVTVEELTVKPETNKTKFIPIMQIAGYSPEYMKNKEIIDFFNKTMLYKLHVENATNLTHFRLLKNFGTVKIFEVK,heteronuclear_T1_list_1,0,heteronuclear_T2_list_1,0,heteronuclear_noe_list_1,0,0
AfAglB-S2,700,18477,MAHHHHHHSAALEVLFQGPEMTMDWKEALNWMKENLEAQDYLKAYEKPDYAVLSWWDYGNWILYVAKKAVVCNNFQAGADDAAKFFTAQSEEEAMKIVEKRKVRYVVTVEELTVKPETNKTKFIPIMQIAGYSPEYMKNKEIIDFFNKTMLYKLHVENATNLTHFRLLKNFGTVKIFEVK,heteronuclear_T1_list_2,1,heteronuclear_T2_list_2,1,NaN,-1,0
First catalytic cysteine half-domain (FCCH) of mouse E1,400,18758,EFGEEMVLTDSNGEQPLSAMVSMVTKDNPGVVTCLDEARHGFETGDFVSFSEVQGMIQLNGCQPMEIKVLGPYTFSICDTSNFSDYIRGGIVSQVKVPKKISFKSLPASLVE,heteronuclear_T1_list_1,0,heteronuclear_T2_list_1,0,heteronuclear_noe_list_1,0,0
SCIN-A,600,18772,STSLPTSNEYQNEKLANELKSLLDELNVNELATGSLNTYYKRTIKISGQKAMYALKSKDFKKMSEAKYQLQKIYNEIDEALKSKY,heteronuclear_T1_list_1,0,heteronuclear_T2_list_1,0,heteronuclear_noe_list_1,0,0
SCIN-B,600,18773,SSLDKYLTESQFHDKRIAEELRTLLNKSNVYALAAGSLNPYYKRTIMMNEYRAKAALKKNDFVSMADAKVALEKIYKEIDEIINR,heteronuclear_T1_list_1,0,heteronuclear_T2_list_1,0,heteronuclear_noe_list_1,0,0
CsPinA,400,18864,GPMGSMADKIKCSHILVKKQGEALAVQERLKAGEKFGKLAKELSIDGGSAKRDGSLGYFGRGKMVKPFEDAAFRLQVGEVSEPVKSEFGYHVIKRLG,heteronuclear_T1_list_1,0,heteronuclear_T2_list_1,0,heteronuclear_noe_list_1,0,0
CsPinA,500,18864,GPMGSMADKIKCSHILVKKQGEALAVQERLKAGEKFGKLAKELSIDGGSAKRDGSLGYFGRGKMVKPFEDAAFRLQVGEVSEPVKSEFGYHVIKRLG,heteronuclear_T1_list_2,1,heteronuclear_T2_list_2,1,heteronuclear_noe_list_2,1,0
delta,500,18903,GIKQYSQEELKEMALVEIAHELFEEHKKPVPFQELLNEIASLLGVKKEELGDRIAQFYTDLNIDGRFLALSDQTWGLRSWYPYDQLDEETQPTVKAKKKKAKKAVEEDLDLDEFEEIDEDDLDLDEVEEELDLEADDFDEEDLDEDDDDLEIEEDIIDEDDEDYDDEEEEIK,heteronuclear_T1_list_1,0,heteronuclear_T2_list_1,0,heteronuclear_noe_list_1,0,0
delta,600,18903,GIKQYSQEELKEMALVEIAHELFEEHKKPVPFQELLNEIASLLGVKKEELGDRIAQFYTDLNIDGRFLALSDQTWGLRSWYPYDQLDEETQPTVKAKKKKAKKAVEEDLDLDEFEEIDEDDLDLDEVEEELDLEADDFDEEDLDEDDDDLEIEEDIIDEDDEDYDDEEEEIK,NaN,-1,heteronuclear_T2_list_2,1,NaN,-1,0
FIMH,600,19066,FACKTANGTAIPIGGGSANVYVNLAPVVNVGQNLVVDLSTQIFCHNDYPETITDYVTLQRGSAYGGVLSNFSGTVKYSGSSYPFPTTSETPRVVYNSRTDKPWPVALYLTPVSSAGGVAIKAGSLIAVLILRQTNNYNSDDFQFVWNIYANNDVVVPT,heteronuclear_T1_list_1,0,heteronuclear_T2_list_1,0,NaN,-1,0
lambda_lysozyme,500,19127,MVEINNQRKAFLDMLAWSEGTDNGRQKTRNHGYDVIVGGELFTDYSDHPRKLVTLNPKLKSTGAGRYQLLSRWWDAYRKQLGLKDFSPKSQDAVALQQIKERGALPMIDRGDIRQAIDRCSNIWASLPGAGYGQFEHKADSLIAKFKEAGGTVREIDV,heteronuclear_T1_list_1,0,heteronuclear_T2_list_1,0,heteronuclear_noe_list_1,0,0
lambda_lysozyme,750,19127,MVEINNQRKAFLDMLAWSEGTDNGRQKTRNHGYDVIVGGELFTDYSDHPRKLVTLNPKLKSTGAGRYQLLSRWWDAYRKQLGLKDFSPKSQDAVALQQIKERGALPMIDRGDIRQAIDRCSNIWASLPGAGYGQFEHKADSLIAKFKEAGGTVREIDV,heteronuclear_T1_list_2,1,heteronuclear_T2_list_2,1,heteronuclear_noe_list_2,1,0
IGF2R,600,19153,MKSNEHDDCQVTNPSTGHLFDLSSLSGRAGFTAAYAKGWGVYMSICGENENCPPGVGACFGQTRISVGKANKRLRYVDQVLQLVYKDGSPCPSKSGLSYKSVISFVCRPEAGPTNRPMLISLDKQTCTLFFSWHTPLACELA,heteronuclear_T1_list_1,0,heteronuclear_T2_list_1,0,heteronuclear_noe_list_1,0,0
IGF2R,900,19153,MKSNEHDDCQVTNPSTGHLFDLSSLSGRAGFTAAYAKGWGVYMSICGENENCPPGVGACFGQTRISVGKANKRLRYVDQVLQLVYKDGSPCPSKSGLSYKSVISFVCRPEAGPTNRPMLISLDKQTCTLFFSWHTPLACELA,heteronuclear_list_T1_2,1,heteronuclear_T2_list_2,1,Heteronuclear_noe_list_2,1,0
CEREBRAL_DOPAMINE_NEUROTROPHIC_FACTOR,800,19164,QEAGGRPGADCEVCKEFLNRFYKSLIDRGVNFSLDTIEKELISFCLDTKGKENRLCYYLGATKDAATKILSEVTRPMSVHMPAMKICEKLKKLDSQICELKYEKTLDLASVDLRKMRVAELKQILHSWGEECRACAEKTDYVNLIQELAPKYAATHPKTEL,heteronuclear_T1_list_1,0,heteronuclear_T2_list_1,0,heteronuclear_noe_list_1,0,0
hL-FABP,600,19189,MRGSMSFSGKYQLQSQENFEAFMKAIGLPEELIQKGKDIKGVSEIVQNGKHFKFTITAGSKVIQNEFTVGEECELETMTGEKVKTVVQLEGDNKLVTAFKNIKSVTELNGDIITNTMTLGDIVFKRISKRILVPR,heteronuclear_T1_list_1,0,heteronuclear_T2_list_1,0,heteronuclear_noe_list_1,0,0
FIMH_Y48A_mutant,600,19255,FACKTANGTAIPIGGGSANVYVNLAPVVNVGQNLVVDLSTQIFCHNDAPETITDYVTLQRGSAYGGVLSNFSGTVKYSGSSYPFPTTSETPRVVYNSRTDKPWPVALYLTPVSSAGGVAIKAGSLIAVLILRQTNNYNSDDFQFVWNIYANNDVVVPT,heteronuclear_T1_list_1,0,heteronuclear_T2_list_1,0,NaN,-1,0
delta,600,19284,GIKQYSQEELKEMALVEIAHELFEEHKKPVPFQELLNEIASLLGVKKEELGDRIAQFYTDLNIDGRFLALSDQTWGLRSWYPYDQLDEETQPTVKAKKKKAKKAVEEDLDLDEFEEIDEDDLDLDEVEEELDLEADDFDEEDLDEDDDDLEIEEDIIDEDDEDYDDEEEEIK,heteronuclear_T1_list_1,0,heteronuclear_T2_list_1,0,heteronuclear_noe_list_1,0,0
5P12-RANTES-E66S,600,19335,QGPPLMATQSCCFAYIARPLPRAHIKEYFYTSGKCSNPAVVFVTRKNRQVCANPEKKWVREYINSLSMS,heteronuclear_T1_list_1,0,heteronuclear_T2_list_1,0,heteronuclear_noe_list_1,0,0
Nchi2,600,19356,SPAAMERQVPYTPCSGLYGTAQCCATDVLGVADLDCANPPATLANATHFESTCAAIGQRARCCKDDVTNTGNSFLIINAANCQTPAGL,heteronuclear_T1_list,0,heteronuclear_T2_list,0,heteronuclear_noe_list,0,0
MptpA,600,19361,GMSDPLHVTFVCTGNICRSPMAEKMFAQQLRHRGLGDAVRVTSAGTGNWHVGSCADERAAGVLRLHGYPTDHRAAQVGTEHLAADLLVALDRNHARLLRQLGVEAARVRMLRSFDPRSGTHALDVEDPYYGDHSDFEEVFAVIESALPGLHDWVDERLARNGPS,heteronuclear_T1_list_1,0,heteronuclear_T2_list_1,0,heteronuclear_noe_list_1,0,0
MptpA,600,19388,GMSDPLHVTFVCTGNICRSPMAEKMFAQQLRHRGLGDAVRVTSAGTGNWHVGSCADERAAGVLRLHGYPTDHRAAQVGTEHLAADLLVALDRNHARLLRQLGVEAARVRMLRSFDPRSGTHALDVEDPYYGDHSDFEEVFAVIESALPGLHDWVDERLARNGPS,heteronuclear_T1_list_1,0,heteronuclear_T2_list_1,0,heteronuclear_noe_list_1,0,0
MBP_S38-S107_peptide,600,19948,SIGRFFSGDRGAPKRGSGKDSHTRTTHYGSLPQKSQHGRTQDENPVVHFFKNIVTPRTPPPSQGKGRGLS,heteronuclear_T1_list_EPPH,0,heteronuclear_T2_list_EPPH,0,NaN,-1,0
LysRS1-72,600,19993,MAAVQAAEVKVDGSEPKLSKNELKRRLKAEKKVAEKEAKQKELSEKQLSQATAAATNHTTDNGVGPEEESVD,heteronuclear_T1_list_1,0,heteronuclear_T2_list_1,0,heteronuclear_noe_list_1,0,0
apo_YqcA,800,25013,MAEIGIFVGTMYGNSLLVAEEAEAILTAQGHKATVFEDPELSDWLPYQDKYVLVVTSTTGQGDLPDSIVPLFQGIKDSLGFQPNLRYGVIALGDSSYVNFCNGGKQFDALLQEQSAQRVGEMLLIDASENPEPETESNPWVEQWGTLLS,heteronuclear_T1_list_1,0,heteronuclear_T2_list_1,0,heteronuclear_noe_list_1,0,0
holo_FldA,800,25015,MAITGIFFGSDTGNTENIAKMIQKQLGKDVADVHDIAKSSKEDLEAYDILLLGIPTWYYGEAQCDWDDFFPTLEEIDFNGKLVALFGCGDQEDYAEYFCDALGTIRDIIEPRGATIVGHWPTAGYHFEASKGLADDDHFVGLAIDEDRQPELTAERVEKWVKQISEELHLDEILNA,heteronuclear_T1_list_1,0,heteronuclear_T2_list_1,0,heteronuclear_noe_list_1,0,0
Protein-tyrosine_phosphatase_4,599,25077,MSSPEKPTPNGGIPHDNLVLIRMKPDENGRFGFNVKGGYDQKMPVIVSRVAPGTPADLCVPRLNEGDQVVLINGRDIAEHTHDQVVLFIKASCERHSGELMLLVRPNAVYDVVEEKLENEPDFQYIPEKAPLDSVHQDDH,heteronuclear_T1_list_1,0,heteronuclear_T2_list_1,0,NaN,-1,0
IsdH_N2N3,800,25113,SADESLQDAIKNPAIIDKEHTADNWRPIDFQMKNDKGERQFYHYASTVEPATVIFTKTGPIIELGLKTASTWKKFEVYEGDKKLPVELVSYDSDKDYAYIRFPVSNGTREVKIVSSIEYGENIHEDYDYTLMVFAQPITNNPDDYVDEETYNLQKLLAPYHKAKTLERQVYELEKLQEKLPEKYKAEYKKKLDQTRVELADQVKSAVTEFENVTPTNDQLTDLQEAHFVVFESEENSESVMDGFVEHPFYTATLNGQKYVVMKTKDDSYWKDLIVEGKRVTTVSKDPKNNSRTLIFPYIPDKAVYNAIVKVVVANIGAEGQYHVRIINQDINTKDD,heteronuclear_T1_list_1,0,heteronuclear_T2_list_1,0,heteronuclear_noe_list_1,0,0
AVR-Pia,600,25636,APARFCVYYDGHLPATRVLLMYVRIGTTATITARGHEFEVEAKDQNCKVILTNGKQAPDWLAAEPY,heteronuclear_T1_list_1,0,heteronuclear_T2_list_1,0,heteronuclear_noe_list_1,0,0
CIN85_CC-domain,800,25750,GHMEGKPKMEPAASSQAAVEELRTQVRELRSIIETMKDQQKREIKQLLSELDEEKKIRLRLQMEVNDIKKALQSK,NaN,-1,heteronuclear_T2_list,0,NaN,-1,0
RBD,800,26506,KKDVEYRPLTLNALLAVGPGAGEAQGVPVKVLDCDTISQAKEKMLDQLYKGVPLTQRPDPRTLDVEWRSGVAGHLILSDEDVTSEVQGLFRRLNTLQHYKVPDGATVALVPCLTKHVLRENK,heteronuclear_T1_list_2,1,heteronuclear_T2_list_2,1,heteronuclear_noe_list_2,1,0
a-spectrin,600,26512,MARGQRLEESLEYQQFVANVEEEEAWINEKMTLVASEDYGDTLAAIQGLLKKHEAFETDFTVHKDRVNDVCANGEDLIKKNNHHVENITAKMKGLKGKVSDLEKAAAQRKAKLDENSA,heteronuclear_T1_list_1,0,heteronuclear_T2_list_1,0,NaN,-1,0
MptpA,600,26513,GAMGMSDPLHVTFVCTGNICRSPMAEKMFAQQLRHRGLGDAVRVTSAGTGNWHVGSCADERAAGVLRLHGYPTDHRAAQVGTEHLAADLLVALDRNHARLLRQLGVEAARVRMLRSFDPRSGTHALDVEDPYYGDHSDFEEVFAVIESALPGLHDWVDERLARNGPS,heteronuclear_T1_list_1,0,heteronuclear_T2_list_1,0,heteronuclear_noe_list_1,0,0
sf-ALR,600,26515,MRTQQKRDTKFREDCPPDREELGRHSWAVLHTLAAYYPDLPTPEQQQDMAQFIHLFSKFYPCEECAEDLRKRLARNHPDTRTRAAFTQWLCHLHNEVNRKLGKPDFDCSKVDERWRDGWKDGSCD,NaN,-1,heteronuclear_T2_list_1,0,heteronuclear_noe_list_1,0,0
sf-ALR,600,26533,MRTQQKRDTKFREDCPPDREELGRHSWAVLHTLAAYYPDLPTPEQQQDMAQFIHLFSKFYPCEECAEDLRKRLARNHPDTRTRAAFTQWLCHLHNEVNRKLGKPDFDCSKVDERWRDGWKDGSCD,NaN,-1,heteronuclear_T2_list_1,0,heteronuclear_noe_list_1,0,0
1lds-hkc_mol1,600,26714,MIQRTPKIQVYSRHPAENGKSNFLNCYVSGFHPSDIEVDLLKNGERIEKVEHSDLSFSKDWSFYLLYYTEFTPTEKDEYACRVNHVTLSQPKIVKWDRDM,NaN,-1,NaN,-1,600.133_MHz_heteronuclear_NOE_1,0,0
1lds-hkc_mol1,750,26714,MIQRTPKIQVYSRHPAENGKSNFLNCYVSGFHPSDIEVDLLKNGERIEKVEHSDLSFSKDWSFYLLYYTEFTPTEKDEYACRVNHVTLSQPKIVKWDRDM,NaN,-1,NaN,-1,750.46_MHz_heteronuclear_NOE_2,1,0
Tcb2-C,600,26723,SSKPKYNPEVEAKLDVARRLFKRYDKDGSGQLQDDEIAGLLKDTYAEMGMSNFTPTKEDVKIWLQMADTNSDGSVSLEEYEDLIIKSLQKAGIRVEKQSLVF,heteronuclear_T1_list_1,0,heteronuclear_T2_list_1,0,heteronuclear_noe_list_1,0,0
Cdc25B,800,26779,GSHMEFQSDHRELIGDYSKAFLLQTVDGKHQDLKYISPETMVALLTGKFSNIVDKFVIVDCRYPYEYEGGHIKTAVNLPLERDAESFLLKSPIAPCSLDKRVILIFHCEFSSERGPRMCRFIRERDRAVNDYPSLYYPEMYILKGGYKEFFPQHPNFCEPQDYRPMNHEAFKDELKTFRLKTRSWAGERSRRELCSRLQDQ,heteronuclear_T1_list_1,0,heteronuclear_T2_list_1,0,heteronuclear_noe_list_1,0,0
Whirlin_PDZ1-PDZ2,600,26788,GAMGSGEVRLVSLRRAKAHEGLGFSIRGGSEHGVGIYVSLVEPGSLAEKEGLRVGDQILRVNDKSLARVTHAEAVKALKGSKKLVLSVYSAGRIPGGYVTNHIYTWVDPQGRSTSPPSSLPQPHGSTLRQREDDRRSTLHLLQSGDEKKVNLVLGDGRSLGLTIRGGAEYGLGIYITGVDPGSEAESSGLKVGDQILEVNGRSFLNILHDEAVKLLKSSRHLILTVKDVGRLPHARTTVDQTKWIASSRIGES,heteronuclear_T1_list_1,0,heteronuclear_T2_list_1,0,NaN,-1,0
WT_TDP-43_267-414,500,26823,GHMNRQLERSGRFGGNPGGFGNQGGFGNSRGGGAGLGNNQGSNMGGGMNFGAFSINPAMMAAAQAALQSSWGMMGMLASQQNQSGPSGNNQNQGNMQREPNQAFGSGNNSYSGSNSGAAIGWGSASNAGSGSGFNGGFGSSMDSKSSGWGM,WT_TDP-43_267-414_500_MHz_R1,1,WT_TDP-43_267-414_500_MHz_R2,1,WT_TDP-43_267-414_500_MHz_HetNOE,1,0
WT_TDP-43_267-414,850,26823,GHMNRQLERSGRFGGNPGGFGNQGGFGNSRGGGAGLGNNQGSNMGGGMNFGAFSINPAMMAAAQAALQSSWGMMGMLASQQNQSGPSGNNQNQGNMQREPNQAFGSGNNSYSGSNSGAAIGWGSASNAGSGSGFNGGFGSSMDSKSSGWGM,WT_TDP-43_267-414_850_MHz_R1,0,WT_TDP-43_267-414_850_MHz_R2,0,WT_TDP-43_267-414_850_MHz_HetNOE,0,0
GB3,500,26845,MQYKLVINGKTLKGETTTKAVDAETAEKAFKQYANDNGVDGVWTYDDATKTFTVTE,GB3_15N_T1_relaxation_1,0,GB3_15N_T2_relaxation_1,0,NaN,-1,0
GB3,600,26845,MQYKLVINGKTLKGETTTKAVDAETAEKAFKQYANDNGVDGVWTYDDATKTFTVTE,GB3_15N_T1_relaxation_2,1,GB3_15N_T2_relaxation_2,1,NaN,-1,0
GB3,800,26845,MQYKLVINGKTLKGETTTKAVDAETAEKAFKQYANDNGVDGVWTYDDATKTFTVTE,GB3_15N_T1_relaxation_3,2,GB3_15N_T2_relaxation_3,2,NaN,-1,0
GB3,900,26845,MQYKLVINGKTLKGETTTKAVDAETAEKAFKQYANDNGVDGVWTYDDATKTFTVTE,GB3_15N_T1_relaxation_4,3,GB3_15N_T2_relaxation_4,3,NaN,-1,0
sigma1.1,600,27011,ADKQTHETELTFDQVKEQLTESGKKRGVLTYEEIAERMSSFEIESDQMDEYYEFLGEQGVELISENEETEDLEHHHHHH,heteronuclear_T1_list_1,0,heteronuclear_T2_list_1,0,heteronuclear_noe_list_1,0,0
sigma1.1,850,27011,ADKQTHETELTFDQVKEQLTESGKKRGVLTYEEIAERMSSFEIESDQMDEYYEFLGEQGVELISENEETEDLEHHHHHH,heteronuclear_T1_list_2,1,heteronuclear_T2_list_2,1,heteronuclear_noe_list_2,1,0
sigma1.1,950,27011,ADKQTHETELTFDQVKEQLTESGKKRGVLTYEEIAERMSSFEIESDQMDEYYEFLGEQGVELISENEETEDLEHHHHHH,heteronuclear_T1_list_3,2,heteronuclear_T2_list_3,2,heteronuclear_noe_list_3,2,0
RNA_Pol_II_CTD27-52,850,27063,GHMSPNYTPTSPNYSPTSPSYSPTSPSYSPTSPSYSPSSPRYTPQSPTYTPSSPSYSPSSPSYSPASPKYTPTSPSYSPSSPEYTPTSPKYSPTSPKYSPTSPKYSPTSPTYSPTTPKYSPTSPTYSPTSPVYTPTSPKYSPTSPTYSPTSPKYSPTSPTYSPTSPKGSTYSPTSPGYSPTSPTYSLTSPAISPDDSDEEN,heteronuclear_T1_list_1,0,heteronuclear_T2_list_1,0,heteronuclear_noe_list_1,0,0
hL-FABP,600,27129,MRGSMSFSGKYQLQSQENFEAFMKAIGLPEELIQKGKDIKGVSEIVQNGKHFKFTITAGSKVIQNEFTVGEECELETMTGEKVKTVVQLEGDNKLVTTFKNIKSVTELNGDIITNTMTLGDIVFKRISKRILVPR,heteronuclear_T1_list_1,0,heteronuclear_T2_list_1,0,NaN,-1,0
Hepatitis_B_virus_X_protein_(HBx),600,27179,MGSSHHHHHHSSGRENLYFQGSGSAARLSSQLDPARDVLSLRPVGAESRGRPFSGSLGTLSSPSPSAVPTDHGAHLSLRGLPVSAFSSAGPSALRFTSARRMETTVNAHQILPKVLHKRTLGLSAMSTTDLEAYFKDSLFKDWEELGEEIRLKVFVLGGSRHKLVSAPAPSNFFTSA,heteronuclear_R1_list_1,0,heteronuclear_R2_list_1,0,heteronuclear_noe_list_1,0,0
Hepatitis_B_virus_X_protein_(HBx),900,27179,MGSSHHHHHHSSGRENLYFQGSGSAARLSSQLDPARDVLSLRPVGAESRGRPFSGSLGTLSSPSPSAVPTDHGAHLSLRGLPVSAFSSAGPSALRFTSARRMETTVNAHQILPKVLHKRTLGLSAMSTTDLEAYFKDSLFKDWEELGEEIRLKVFVLGGSRHKLVSAPAPSNFFTSA,heteronuclear_R1_list_2,1,heteronuclear_R2_list_2,1,heteronuclear_noe_list_2,1,0
Dehaloperoxidase-hemoglobin,500,27194,GFKQDIATIRGDLRTYAQDIFLAFLNKYPDERRYFKNYVGKSDQELKSMAKFGDHTEKVFNLMMEVADRATDCVPLASDANTLVQMKQHSSLTTGNFEKLFVALVEYMRASGQSFDSQSWDRFGKNLVSALSSAGMK,heteronuclear_T1_list_1,0,heteronuclear_T2_list_1,0,heteronuclear_noe_list_1,0,0
Dehaloperoxidase-hemoglobin,700,27194,GFKQDIATIRGDLRTYAQDIFLAFLNKYPDERRYFKNYVGKSDQELKSMAKFGDHTEKVFNLMMEVADRATDCVPLASDANTLVQMKQHSSLTTGNFEKLFVALVEYMRASGQSFDSQSWDRFGKNLVSALSSAGMK,heteronuclear_T1_list_2,1,heteronuclear_T2_list_2,1,heteronuclear_noe_list_2,1,0
delta,600,27245,MGIKQYSQEELKEMALVEIAHELFEEHKKPVPFQELLNEIASLLGVKKEELGDRIAQFYTDLNIDGRFLALSDQTWGLRSWYPYDQLDEETQPTVKAKKKKAKKAVEEDLDLDEFEEIDEDDLDLDEVEEELDLEADDFDEEDLDEDDDDLEIEEDIIDEDDEDYDDEEEEIK,heteronuclear_T1_list_1,0,heteronuclear_T2_list_1,0,heteronuclear_noe_list_1,0,0
delta,850,27245,MGIKQYSQEELKEMALVEIAHELFEEHKKPVPFQELLNEIASLLGVKKEELGDRIAQFYTDLNIDGRFLALSDQTWGLRSWYPYDQLDEETQPTVKAKKKKAKKAVEEDLDLDEFEEIDEDDLDLDEVEEELDLEADDFDEEDLDEDDDDLEIEEDIIDEDDEDYDDEEEEIK,heteronuclear_T1_list_2,1,NaN,-1,heteronuclear_noe_list_2,1,0
hZIP4_ICL2,800,27321,GDRGPEFELGTLPRDPEDLEDGPCGHSSHSHGGHSHGVSLQLAPSELRQPKPPHEGSRADLVAEESPELLNPEPRRLSPELRLLPYGHGLSAWSHPQFEK,heteronucl_T1_list_1,0,heteronuclear_T2_list_1,0,heteronuclear_noe_list_1,0,0
Abl1_SH3,600,27359,MNLFVALYDFVASGDNTLSITKGEKLRVLGYNHNGEWCEAQTKNGQGWVPSNYITPVN,heteronuclear_T1_list_1,0,heteronuclear_T2_list_1,0,NaN,-1,0
AdcR_chain,800,27656,MRQLAKDINAFLNEVILQAENQHEILIGHCTSEVALTNTQEHILMLLSEESLTNSEMARRLNVSQAAVTKAIKSLVKEGMLETSKDSKDARVIFYQLTDLARPIAEEHHHHHEHTLLTYEQVATQFTPNEQKVIQRFLTALVGEIK,heteronuclear_T1_list_1,0,heteronuclear_T2_list_800,0,heteronuclear_noe_list_1,0,0
Galectin-3C,900,27721,PLIVPYNLPLPGGVVPRMLITILGTVKPNANRIALDFQRGNDVAFHFNPRFNENNRRVIVCNTKLDNNWGREERQSVFPFESGKPFKIQVLVEPDHFKVAVNDAHLLQYNHRVKKLNEISKLGISGDIDLTSASYTMI,backbone_15N_T1_900,2,backbone_15N_T2_900,2,backbone_15N_Het_NOE_900,2,0
Galectin-3C,900,27722,PLIVPYNLPLPGGVVPRMLITILGTVKPNANRIALDFQRGNDVAFHFNPRFNENNRRVIVCNTKLDNNWGREERQSVFPFESGKPFKIQVLVEPDHFKVAVNDAHLLQYNHRVKKLNEISKLGISGDIDLTSASYTMI,backbone_15N_T1_900,2,backbone_15N_T2_900,2,backbone_Het_NOE_900,2,0
FUS_1-163,850,27887,MASNDYTQQATQSYGAYPTQPGQGYSQQSSQPYGQQSYSGYSQSTDTSGYGQSSYSSYGQSQNTGYGTQSTPQGYGSTGGYGSSQSSQSSYGQQSSYPGYGQQPAPSSTSGSYGSSSQSSSYGQPQSGSYSQQPSYGGQQQSYGQQQSYNPPQGYGQQNQYNS,heteronuclear_T1_list_1,0,heteronuclear_T2_list_1,0,heteronuclear_noe_list_1,0,0
polyketide_cyclase,850,28132,SGSTPPRTPQEVFAHHGQALAAGDLDEIVADYADDSFVITPAGIARGKEGIRQLFVKLLDDIPNALWDLKTQIFEGDILFLEWTANSAVSRVDDGVDTFVFRDGTIWAHTVRYTPHPKT,heteronuclear_T1_list_1,0,heteronuclear_T2_list_1,0,heteronuclear_noe_list_1,0,0
Voltage-dependent anion-selective channel protein 1,700,30065,SAVPPTYADLGKSARDVFTKGYGFGLIKLDLKTKSENGLEFTSSGSANTETTKVTGSLETKYRWTEYGLTFTVKWNTDNTLGTEITVEDQLARGLKLTFDSSFSPNTGKKNAKIKTGYKREHINLGCDMDFDIAGPSIRGALVLGYEGWLAGYQMNFETAKSRVTQSNFAVGYKTDEFQLHTNVNDGTEFGGSIYQKVNKKLETAVNLAWTAGNSNTRFGIAAKYQIDPDACFSAKVNNSSLIGLGYTQTLKPGIKLTLSALLDGKNVNAGGHKLGLGLEFQARS,heteronuclear_T1_list_2,1,heteronuclear_T2_list_2,1,NaN,-1,0
Voltage-dependent anion-selective channel protein 1,900,30065,SAVPPTYADLGKSARDVFTKGYGFGLIKLDLKTKSENGLEFTSSGSANTETTKVTGSLETKYRWTEYGLTFTVKWNTDNTLGTEITVEDQLARGLKLTFDSSFSPNTGKKNAKIKTGYKREHINLGCDMDFDIAGPSIRGALVLGYEGWLAGYQMNFETAKSRVTQSNFAVGYKTDEFQLHTNVNDGTEFGGSIYQKVNKKLETAVNLAWTAGNSNTRFGIAAKYQIDPDACFSAKVNNSSLIGLGYTQTLKPGIKLTLSALLDGKNVNAGGHKLGLGLEFQARS,heteronuclear_T1_list_3,2,heteronuclear_T2_list_3,2,NaN,-1,0
Cell division protein FtsX,600,30523,GAMATAKLATDIENNVRVVVYIRKDVEDNSQTIEKEGQTVTNNDYHKVYDSLKNMSTVKSVTFSSKEEQYEKLTEIMGDNWKIFEGDANPLYDAYIVEANAPNDVKTIAEDAKKIEGVSEVQDGGA,heteronuclear_T1_list_1,0,heteronuclear_T2_list_600,0,heteronuclear_noe_list_1,0,0
Cell division protein FtsX,800,30523,GAMATAKLATDIENNVRVVVYIRKDVEDNSQTIEKEGQTVTNNDYHKVYDSLKNMSTVKSVTFSSKEEQYEKLTEIMGDNWKIFEGDANPLYDAYIVEANAPNDVKTIAEDAKKIEGVSEVQDGGA,NaN,-1,heteronuclear_T2_list_800,1,NaN,-1,0
Calmodulin,600,34497,ADQLTEEQIAEFKEAFSLFDKDGDGTITTKELGTVMRSLGQNPTEAELQDMIIEVDADGNGTIDFPEFLTMMARKMKDTDSEEEIREAFRVFDKDGNGYISAAELRHVMTNLGEKLTDEEVDEMIREADIDGDGQVNYEEFVQMMTAK,heteronuclear_T1_list_1,0,heteronuclear_T2_list_1,0,heteronuclear_noe_list_1,0,0
"DNA polymerase processivity factor component A20,DNA polymerase processivity factor component E9",700,34544,GNGKYFSKVGSAGLKQLTNKLDINECATVDELVDEINKSGTVKRKIKNQSAFDLSRECLGYPEADFITLVNNMRFKIENCKVVNFNIENTNCLNNPSIETIYRNFNQFVSIFNVVTDVKKRLFENASGNGSGGGSNRLEEEINNQLALQKS,heteronuclear_T1_list,0,heteronuclear_T2_list,0,heteronuclear_noe_list,0,0
"DNA polymerase processivity factor component A20,Phosphoenolpyruvate-protein phosphotransferase (E.C.2.7.3.9)",700,34545,GNGKYFSKVGSAGLKQLTNKLDINECATVDELVDEINKSGTVKRKIKNQSAFDLSRECLGYPEADFITLVNNMRFKIENCKVVNFNIENTNCLNNPSIETIYRNFNQFVSIFNVVTDVKKRLFENASGNGSGGGLNDIFEAQKIEWHE,heteronuclear_T1_list,0,heteronuclear_T2_list,0,heteronuclear_noe_list,0,0
Pin-II type proteinase inhibitor 38,800,36171,NRLCTNCCAGRKGCNYYSADGTFICEGESDPNNPKACPRNCDPNIAYSLC,heteronuclear_T1_list_1,0,heteronuclear_T2_list_1,0,heteronuclear_noe_list_1,0,0
mvWFA2 monomer,500,50020,GRAMGACSHGPVDVVFLLHATRDNAHNAEAVRRVLERLVSALGPLGPQAAQVGLLTYSHRPSPLFPLNSSHDLGIILRKIRDIPYVDPSGNNLGTAVTTAHRYLLASNAPGRRQQVPGVMVLLVDEPLRGDILSPIREAQTSGLKVMALSLVGADPEQLRRLAPGTDPIQNFFAVDNGPGLDRAVSDLAVALCQAA,heteronuclear_T1_list_1,0,heteronuclear_T2_list_1,0,heteronuclear_noe_list_1,0,0
ChiZ1-64,800,50115,SNAMTPVRPPHTPDPLNLRGPLDGPRWRRAEPAQSRRPGRSRPGGAPLRYHRTGVGMSRTGHGSRPV,heteronucl_T1_relaxation_1,0,heteronucl_T2_relaxation_1,0,heteronucl_NOEs_1,0,0
EB1linker-wt,800,50119,QGQETAVAPSLVAPALNKPKKPLTSSSAAPQRPISTQRTAAAPKAGPGVVRKNPGVGNGDD,heteronucl_T1_relaxation_1,0,heteronucl_T2_relaxation_1,0,heteronucl_NOEs_1,0,0
EB1linker-4D,800,50120,QGQETAVAPSLVAPALNKPKKPLDDDDAAPQRPISTQRTAAAPKAGPGVVRKNPGVGNGDD,heteronucl_T1_relaxation_1,0,heteronucl_T2_relaxation_1,0,heteronucl_NOEs_1,0,0
TRBP2-dsRBD1,600,50233,GGAMSEEEQGSGTTTGCGLPSIEQMLAANPGKTPISLLQEYGTRIGKTPVYDLLKAEGQAHQPNFTFRVTVGDTSCTGQGPSKKAAKHKAAEVALKHLKGGSMLEPAL,heteronucl_T1_relaxation_1,0,heteronucl_T2_relaxation_1,0,heteronucl_NOEs_1,0,0
TRBP2-dsRBD1,750,50233,GGAMSEEEQGSGTTTGCGLPSIEQMLAANPGKTPISLLQEYGTRIGKTPVYDLLKAEGQAHQPNFTFRVTVGDTSCTGQGPSKKAAKHKAAEVALKHLKGGSMLEPAL,heteronucl_T1_relaxation_2,1,heteronucl_T2_relaxation_2,1,heteronucl_NOEs_2,1,0
PKIa,900,50238,TDVETTYADFIASGRTGRRNAIHDILVSSASGNSNELALKLAGLDINKTEGEEDAQRSSTEQSGEAQGEAAKSES,heteronucl_T1_relaxation_1,0,heteronucl_T2_relaxation_1,0,heteronucl_NOEs_1,0,0
apo PiuA,600,50332,SHMSAPTEITIKSSLDEVKLSKVPEKIVTFDLGAADTIRALGFEKNIVGMPTKTVPTYLKDLVGTVKNVGSMKEPDLEAIAALEPDLIIASPRTQKFVDKFKEIAPTVLFQASKDDYWTSTKANIESLASAFGETSTQKAKEELAKLDKSIQEVATKNESSDKKALAILLNEGKMAAFGAKSRFSFLYQTLKFKPTDTKFEDSRHGQEVSFESVKEINPDILFVINRTLAIGGDNSSNDGVLENALIAETPAAKNGKIIQLTPDLWYLSGGGLESTKLMIEDIQKALK,heteronucl_T1_relaxation_1,0,heteronucl_T2_relaxation_1,0,heteronucl_NOEs_1,0,0
apoCTDH,700,50410,MGKAAESLPNIQIKSIAGITEPTILQYFATLNAGEFAATAALFAVDGVMYPPFESGIVGPDAIAAYLQQEAQGIKAEPQQGLAETSEDGHTQVQVSGKAQTSWCGVNVLWLFTLNQEKQIIHTQIKLLASPQELLALRREQHHHHHHH,heteronucl_T1_relaxation_1,0,heteronucl_T2_relaxation_1,0,heteronucl_NOEs_1,0,0
RelA(V248F) dd,800,50495,NTAELKICRVNRNSGSCLGGDEIFLLCDKVQKEDIEVYFTGPGWEARGSFSQADVHRQFAIVFRTPPYADPSLQAPVRVSMQLRRPSDRELSEPMEFQYLPD,heteronucl_T1_relaxation_1,0,heteronucl_T2_relaxation_1,0,heteronucl_NOEs_1,0,0
Deubiquitinase A,700,50686,GAGYNSEDEYEAAAARIEAMDPATVEQQEHWFEKALRDKKGFIIKQMKEDGACLFRAVADQVYGDQDMHEVVRKHCMDYLMKNADYFSNYVTEDFTTYINEERKNNCHGNHIEMQAMAEMYNRPVEVYQYSTGTSAVEPINTFHGIHQNEDEPIRVSYHRNIHYNSVVNPNKA,heteronucl_T1_relaxation_1,0,heteronucl_T2_relaxation_1,0,NaN,-1,0
Selenoprotein W1,500,50734,MAPVQVHVLYCGGCGYGSRYRSLENAIRMKFPNADIKFSFEATPQATGFFEVEVNGELVHSKKNGGGHVDNQEKVERIFAKIGEALAK,heteronuclear_T1_list_1,0,heteronuclear_T2_list_1,0,heteronuclear_noe_list_1,0,0
Selenoprotein W1,500,50745,MAPVQVHVLYCGGCGYGSRYRSLENAIRMKFPNADIKFSFEATPQATGFFEVEVNGELVHSKKNGGGHVDNQEKVERIFAKIGEALAK,heteronuclear_T1_list_1,0,heteronuclear_T2_list_1,0,heteronuclear_noe_list_1,0,0
N-terminal domain of p50 subunit of NF-kappaB,800,50819,GPYLQILEQPKQRGFRFRYVCEGPSHGGLPGASSEKNKKSYPQVKICNYVGPAKVIVQLVTNGKNIHLHAHSLVGKHCEDGVCTVTAGPKDMVVGFANLGILHVTKKKVFETLEARMTEACIRGYNPGLLVHSDLAYLQAEGGGDRQLTDREKEIIRQAAVQQTKEMDLSVVRLMFTAFLPDSTGSFTRRLEPVVSDAIYDSKAPNA,heteronucl_T1_relaxation_1,0,heteronucl_T2_relaxation_1,0,heteronucl_NOEs_1,0,0
DVL2 DEP,800,50897,SITSGSSLPDGCEGRGLSVHTDMASVTKAMAAPESGLEVRDRMWLKITIPNAFLGSDVVDWLYHHVEGFPERREARKYASGLLKAGLIRHTVNKITFSEQCYYVFGDLSG,NaN,-1,heteronucl_T2_relaxation_1,0,heteronucl_NOEs_1,0,0
DVL2 DEP S418E mutant,800,50898,SITSGSSLPDGCEGRGLEVHTDMASVTKAMAAPESGLEVRDRMWLKITIPNAFLGSDVVDWLYHHVEGFPERREARKYASGLLKAGLIRHTVNKITFSEQCYYVFGDLSG,NaN,-1,heteronucl_T2_relaxation_1,0,heteronucl_NOEs_1,0,0
DREB2A 234-276,800,51055,GQDSLSVADYGWPNDVDQSHLDSSDMFDVDELLRDLNGDDVFAG,heteronucl_T1_relaxation_1,0,heteronucl_T2_relaxation_1,0,NaN,-1,0
ClpB chaperone system,850,51087,MNINKFTIKLQEALAEAQSYAFQQKATEFTSAHILKALLEQNDSVAISILSVCGVNIQNFIKAVNDMVDSVAVLSGEGNPQVTPSRDLIATLHKMQELANKNGDEFISSEVFLLASLEDKSLTGLYNKFGITKEKLTKAVNDYRGGEKVSSQNQED,heteronucl_T1_relaxation_1,0,heteronucl_T2_relaxation_1,0,heteronucl_NOEs_1,0,0
TIA-1 prion-like domain,800,51103,MGSSHHHHHHHHHHHHSENLYFQGGQYVPNGWQVPAYGVYGQPWSQQGFNQTQSSAPWMGPNYSVPPPQGQNGSMLPSQPAGYRVAGYETQ,heteronucl_T1_relaxation_1,0,heteronucl_T2_relaxation_1,0,heteronucl_NOEs_1,0,0
PDZ domain,700,51126,GSHMGSDYIIKEKTVLLQKKDSEGFGFVLRGAKAQTPIEEFTPTPAFPALQYLESVDEGGVAWRAGLRMGDFLIEVNGQNVVKVGHRQVVNMIRQGGNTLMVKVVMVTRHPDMDEAVHK,heteronucl_T1_relaxation_1,0,heteronucl_T2_relaxation_1,0,NaN,-1,0
ubiquitin,600,51174,MQIFVKTLTGKTITLEVEPSDTIENVKAKIQDKEGIPPDQQRLIFAGKQLEDGRTLSDYNIQKESTLHLVLRLRGG,heteronucl_T1_relaxation_1,0,heteronucl_T2_relaxation_1,0,heteronucl_NOEs_1,0,0
ubiquitin,900,51174,MQIFVKTLTGKTITLEVEPSDTIENVKAKIQDKEGIPPDQQRLIFAGKQLEDGRTLSDYNIQKESTLHLVLRLRGG,heteronucl_T1_relaxation_2,1,heteronucl_T2_relaxation_2,1,heteronucl_NOEs_2,1,0
CI2,600,51230,MKTEWPELVGKSVEEAKKVILQDKPEAQIIVLPVGTIVTMEYRIDRVRLFVDKLDNIAQVPRVG,heteronucl_T1_relaxation_1,0,heteronucl_T2_relaxation_1,0,heteronucl_NOEs_1,0,0
CI2,750,51230,MKTEWPELVGKSVEEAKKVILQDKPEAQIIVLPVGTIVTMEYRIDRVRLFVDKLDNIAQVPRVG,heteronucl_T1_relaxation_2,1,heteronucl_T2_relaxation_2,1,heteronucl_NOEs_2,1,0
CI2 I57V,600,51234,MKTEWPELVGKSVEEAKKVILQDKPEAQIIVLPVGTIVTMEYRIDRVRLFVDKLDNVAQVPRVG,heteronucl_T1_relaxation_1,0,heteronucl_T2_relaxation_1,0,heteronucl_NOEs_1,0,0
CI2 I57V,750,51234,MKTEWPELVGKSVEEAKKVILQDKPEAQIIVLPVGTIVTMEYRIDRVRLFVDKLDNVAQVPRVG,heteronucl_T1_relaxation_2,1,heteronucl_T2_relaxation_2,1,heteronucl_NOEs_2,1,0
CI2 L49I,600,51235,MKTEWPELVGKSVEEAKKVILQDKPEAQIIVLPVGTIVTMEYRIDRVRIFVDKLDNIAQVPRVG,heteronucl_T1_relaxation_1,0,heteronucl_T2_relaxation_1,0,heteronucl_NOEs_1,0,0
CI2 L49I,750,51235,MKTEWPELVGKSVEEAKKVILQDKPEAQIIVLPVGTIVTMEYRIDRVRIFVDKLDNIAQVPRVG,heteronucl_T1_relaxation_2,1,heteronucl_T2_relaxation_2,1,heteronucl_NOEs_2,1,0
CI2 L49I/I57V,600,51236,MKTEWPELVGKSVEEAKKVILQDKPEAQIIVLPVGTIVTMEYRIDRVRIFVDKLDNVAQVPRVG,heteronucl_T1_relaxation_1,0,heteronucl_T2_relaxation_1,0,heteronucl_NOEs_1,0,0
CI2 L49I/I57V,750,51236,MKTEWPELVGKSVEEAKKVILQDKPEAQIIVLPVGTIVTMEYRIDRVRIFVDKLDNVAQVPRVG,heteronucl_T1_relaxation_2,1,heteronucl_T2_relaxation_2,1,heteronucl_NOEs_2,1,0
WT MIF,600,51306,PMFIVNTNVPRASVPDGFLSELTQQLAQATGKPPQYIAVHVVPDQLMAFGGSSEPCALCSLHSIGKIGGAQNRSYSKLLCGLLAERLRISPDRVYINYYDMNAANVGWNNSTFA,heteronucl_T1_relaxation_1,0,heteronucl_T2_relaxation_1,0,heteronucl_NOEs_1,0,0
apo Bromodomain 1 (BD1) of BRD4,600,51416,NPPPPETSNPNKPKRQTNQLQYLLRVVLKTLWKHQFAWPFQQPVDAVKLNLPDYYKIIKTPMDMGTIKKRLENNYYWNAQECIQDFNTMFTNCYIYNKPGDDIVLMAEALEKLFLQKINELPTEE,heteronucl_T1_relaxation_1,0,heteronucl_T2_relaxation_1,0,heteronucl_NOEs_1,0,0
apo Bromodomain 1 (BD1) of BRD4,800,51416,NPPPPETSNPNKPKRQTNQLQYLLRVVLKTLWKHQFAWPFQQPVDAVKLNLPDYYKIIKTPMDMGTIKKRLENNYYWNAQECIQDFNTMFTNCYIYNKPGDDIVLMAEALEKLFLQKINELPTEE,heteronucl_T1_relaxation_2,1,heteronucl_T2_relaxation_2,1,heteronucl_NOEs_2,1,0
apo Bromodomain 2 (BD2) of BRD4,600,51417,HPAPEKSSKVSEQLKCCSGILKEMFAKKHAAYAWPFYKPVDVEALGLHDYCDIIKHPMDMSTIKSKLEAREYRDAQEFGADVRLMFSNCYKYNPPDHEVVAMARKLQDVFEMRFAKMPDE,heteronucl_T1_relaxation_1,0,heteronucl_T2_relaxation_1,0,heteronucl_NOEs_1,0,0
apo Bromodomain 2 (BD2) of BRD4,800,51417,HPAPEKSSKVSEQLKCCSGILKEMFAKKHAAYAWPFYKPVDVEALGLHDYCDIIKHPMDMSTIKSKLEAREYRDAQEFGADVRLMFSNCYKYNPPDHEVVAMARKLQDVFEMRFAKMPDE,heteronucl_T1_relaxation_2,1,heteronucl_T2_relaxation_2,1,heteronucl_NOEs_2,1,0
"apo Bromodomain 1 (BD1), linker, Bromodomain 2 (BD2) of BRD4",600,51418,NPPPPETSNPNKPKRQTNQLQYLLRVVLKTLWKHQFAWPFQQPVDAVKLNLPDYYKIIKTPMDMGTIKKRLENNYYWNAQECIQDFNTMFTNCYIYNKPGDDIVLMAEALEKLFLQKINELPTEETEIMIVQAKGRGRGRKETGTAKPGVSTVPNTTQASTPPQTQTPQPNPPPVQATPHPFPAVTPDLIVQTPVMTVVPPQPLQTPPPVPPQPQPPPAPAPQPVQSHPPIIAATPQPVKTKKGVKRKADTTTPTTIDPIHEPPSLPPEPKTTKLGQRRESSRPVKPPKKDVPDSQQHPAPEKSSKVSEQLKCCSGILKEMFAKKHAAYAWPFYKPVDVEALGLHDYCDIIKHPMDMSTIKSKLEAREYRDAQEFGADVRLMFSNCYKYNPPDHEVVAMARKLQDVFEMRFAKMPDE,heteronucl_T1_relaxation_1,0,heteronucl_T2_relaxation_1,0,heteronucl_NOEs_1,0,0
"apo Bromodomain 1 (BD1), linker, Bromodomain 2 (BD2) of BRD4",800,51418,NPPPPETSNPNKPKRQTNQLQYLLRVVLKTLWKHQFAWPFQQPVDAVKLNLPDYYKIIKTPMDMGTIKKRLENNYYWNAQECIQDFNTMFTNCYIYNKPGDDIVLMAEALEKLFLQKINELPTEETEIMIVQAKGRGRGRKETGTAKPGVSTVPNTTQASTPPQTQTPQPNPPPVQATPHPFPAVTPDLIVQTPVMTVVPPQPLQTPPPVPPQPQPPPAPAPQPVQSHPPIIAATPQPVKTKKGVKRKADTTTPTTIDPIHEPPSLPPEPKTTKLGQRRESSRPVKPPKKDVPDSQQHPAPEKSSKVSEQLKCCSGILKEMFAKKHAAYAWPFYKPVDVEALGLHDYCDIIKHPMDMSTIKSKLEAREYRDAQEFGADVRLMFSNCYKYNPPDHEVVAMARKLQDVFEMRFAKMPDE,heteronucl_T1_relaxation_2,1,heteronucl_T2_relaxation_2,1,heteronucl_NOEs_2,1,0
TcART,600,51478,MSTTSTNLQKKSFTLYRADNRSFEEMQSKFPEGFKAWTPLDTKMARQFASIFIGQKDTSNLPKETVKNISTWGAKPKLKDLSNYIKYTKDKSTVWVSTAINTEAGGQSSGAPLHKIDMDLYEFAIDGQKLNPLPEGRTKNMVPSLLLDTPQIETSSIIALNHGPVNDAEISFLTTIPLKNVKPHKRGTLEVLFQ,heteronucl_T1_relaxation_1,0,heteronucl_T2_relaxation_1,0,NaN,-1,0